{"stats":{"minecraft:killed":{"minecraft:spider":2,"minecraft:skeleton":3,"minecraft:zombie_villager":1,"minecraft:zombie":5,"ecologics:penguin":1,"minecraft:player":2},"minecraft:crafted":{"minecraft:oak_door":3,"minecraft:oak_planks":456,"minecraft:cobblestone_stairs":16,"minecraft:stone_pickaxe":2,"minecraft:crafting_table":1,"minecraft:spruce_planks":28,"minecraft:stick":4,"minecraft:iron_pickaxe":1,"minecraft:oak_stairs":8,"minecraft:wooden_axe":2},"minecraft:used":{"minecraft:beetroot":1,"minecraft:spruce_slab":15,"minecraft:spruce_planks":43,"minecraft:stone":479,"minecraft:oak_door":1,"minecraft:torch":21,"minecraft:dirt":8,"minecraft:carrot":3,"minecraft:cobblestone_wall":37,"minecraft:deepslate_tile_slab":27,"minecraft:deepslate_brick_slab":17,"minecraft:golden_shovel":40,"minecraft:spruce_fence":53,"minecraft:stripped_spruce_log":4,"minecraft:obsidian":10,"minecraft:birch_door":4,"minecraft:wooden_axe":118,"minecraft:lantern":7,"minecraft:oak_stairs":6,"minecraft:iron_helmet":1,"minecraft:iron_boots":1,"minecraft:stone_bricks":1418,"ecologics:cooked_prickly_pear":3,"minecraft:oak_sapling":4,"minecraft:deepslate_tile_stairs":62,"minecraft:potato":71,"minecraft:stripped_spruce_wood":1,"farmersdelight:hamburger":1,"minecraft:leather_leggings":1,"minecraft:cobblestone_stairs":18,"farmersdelight:skillet":6,"minecraft:stone_pickaxe":173,"minecraft:oak_planks":395,"minecraft:spruce_fence_gate":9,"minecraft:leather_boots":1,"minecraft:crafting_table":3,"minecraft:crossbow":3,"minecraft:white_bed":3,"minecraft:spruce_log":8,"mowziesmobs:wrought_axe":316,"minecraft:deepslate_tiles":10,"minecraft:oak_log":4,"minecraft:apple":11,"minecraft:bread":51,"minecraft:suspicious_stew":1,"minecraft:iron_pickaxe":1303,"minecraft:gravel":4,"minecraft:cobblestone":1949,"vanillaplustools:iron_hammer":213,"minecraft:birch_log":2,"minecraft:andesite":2},"minecraft:dropped":{"minecraft:oak_log":2,"ecologics:music_disc_coconut":1,"minecraft:glass_bottle":1,"minecraft:cobbled_deepslate_wall":1,"minecraft:orange_tulip":1,"minecraft:iron_helmet":2,"minecraft:granite":4,"minecraft:deepslate_tile_slab":2,"mowziesmobs:wrought_axe":1,"minecraft:dirt":40,"minecraft:diorite":20,"minecraft:cornflower":3,"minecraft:rib_armor_trim_smithing_template":1,"gravestone:obituary":2,"minecraft:iron_pickaxe":7,"minecraft:string":1,"minecraft:dandelion":1,"minecraft:bone":3,"minecraft:gravel":1,"minecraft:white_tulip":4,"minecraft:compass":1,"minecraft:golden_chestplate":2,"minecraft:bowl":1,"minecraft:birch_sapling":1,"minecraft:rotten_flesh":4,"minecraft:deepslate_brick_slab":29,"minecraft:oak_planks":1,"minecraft:golden_shovel":1,"minecraft:nether_bricks":4,"minecraft:spruce_fence":5,"minecraft:lily_of_the_valley":2,"minecraft:potato":6,"minecraft:deepslate_tiles":10,"minecraft:stone":4,"minecraft:allium":17,"minecraft:iron_chestplate":1,"minecraft:beetroot_seeds":3,"minecraft:andesite":9,"minecraft:oak_sapling":5,"supplementaries:bubble_blower":1,"minecraft:spruce_log":6,"minecraft:spruce_slab":1,"minecraft:arrow":1,"minecraft:bow":1,"minecraft:stone_pickaxe":1,"minecraft:red_tulip":1},"minecraft:mined":{"minecraft:deepslate_tiles":15,"minecraft:spruce_planks":15,"minecraft:white_bed":2,"minecraft:cobblestone_stairs":2,"minecraft:gray_stained_glass_pane":5,"minecraft:spruce_trapdoor":1,"gravestone:gravestone":2,"minecraft:nether_bricks":5,"minecraft:allium":13,"minecraft:grass_block":13,"minecraft:spruce_fence":52,"minecraft:deepslate_tile_stairs":64,"minecraft:deepslate_brick_slab":27,"minecraft:carrots":9,"minecraft:andesite":13,"minecraft:stripped_spruce_log":11,"diagonalfences:minecraft/spruce_fence":11,"minecraft:red_tulip":4,"minecraft:potatoes":1,"minecraft:oak_stairs":2,"minecraft:lantern":9,"minecraft:stone":1950,"minecraft:white_tulip":3,"minecraft:spruce_slab":16,"minecraft:red_bed":1,"minecraft:lily_of_the_valley":1,"minecraft:deepslate_tile_slab":46,"minecraft:cornflower":2,"minecraft:dandelion":1,"minecraft:crafting_table":2,"minecraft:cobbled_deepslate_wall":2,"minecraft:torch":1,"minecraft:short_grass":16,"minecraft:poppy":1,"minecraft:cobblestone":189,"minecraft:copper_ore":6,"minecraft:oak_planks":16,"minecraft:diorite":20,"minecraft:wall_torch":3,"minecraft:blue_bed":1,"minecraft:stripped_spruce_wood":2,"minecraft:cobblestone_wall":40,"minecraft:birch_log":3,"minecraft:spruce_log":15,"minecraft:birch_leaves":4,"minecraft:birch_door":4,"minecraft:orange_tulip":5,"minecraft:oak_log":142,"minecraft:coal_ore":4,"minecraft:beetroots":1,"minecraft:sunflower":4,"minecraft:gravel":5,"minecraft:dirt":68,"minecraft:cracked_stone_bricks":4,"minecraft:spruce_fence_gate":20,"minecraft:stone_bricks":18,"minecraft:oak_leaves":290},"minecraft:custom":{"minecraft:interact_with_smithing_table":1,"lootr:looted_stat":19,"minecraft:mob_kills":12,"minecraft:interact_with_crafting_table":17,"minecraft:bell_ring":12,"minecraft:leave_game":3,"minecraft:time_since_death":105600,"minecraft:climb_one_cm":901,"minecraft:sprint_one_cm":954623,"minecraft:walk_one_cm":1261328,"minecraft:drop":93,"minecraft:talked_to_villager":33,"minecraft:play_time":374661,"minecraft:deaths":2,"minecraft:sneak_time":9948,"minecraft:walk_under_water_one_cm":1869,"minecraft:jump":5180,"minecraft:walk_on_water_one_cm":3798,"minecraft:total_world_time":374661,"minecraft:interact_with_stonecutter":2,"minecraft:sleep_in_bed":7,"minecraft:time_since_rest":99114,"minecraft:damage_taken":3104,"minecraft:damage_dealt":2548,"minecraft:swim_one_cm":8599,"minecraft:player_kills":2,"minecraft:fly_one_cm":514843,"minecraft:open_chest":17,"minecraft:crouch_one_cm":27209,"minecraft:interact_with_smoker":2,"minecraft:fall_one_cm":112223},"minecraft:broken":{"minecraft:leather_leggings":1,"vanillaplustools:iron_hammer":1,"minecraft:wooden_axe":2},"minecraft:picked_up":{"minecraft:allium":17,"minecraft:crafting_table":2,"minecraft:birch_door":4,"selfexpression:hacker_helmet":1,"minecraft:oak_stairs":2,"gravestone:obituary":1,"minecraft:cornflower":3,"minecraft:string":1,"minecraft:raw_copper":23,"minecraft:beetroot":1,"minecraft:cracked_stone_bricks":4,"minecraft:deepslate_tiles":20,"minecraft:spruce_planks":15,"minecraft:white_tulip":4,"minecraft:iron_pickaxe":5,"minecraft:spruce_slab":16,"minecraft:birch_sapling":1,"minecraft:stick":9,"minecraft:stone":4,"minecraft:torch":21,"minecraft:spruce_fence":61,"minecraft:diorite":40,"minecraft:carrot":16,"minecraft:deepslate_tile_stairs":62,"minecraft:golden_chestplate":1,"minecraft:arrow":4,"minecraft:rotten_flesh":5,"minecraft:beetroot_seeds":3,"minecraft:nether_bricks":4,"minecraft:red_tulip":1,"minecraft:cobblestone":2012,"minecraft:birch_log":2,"minecraft:andesite":18,"minecraft:potato":9,"minecraft:stripped_spruce_wood":1,"minecraft:oak_log":142,"minecraft:cobblestone_wall":38,"minecraft:cobblestone_stairs":2,"mowziesmobs:wrought_axe":2,"vanillaplustools:iron_hammer":1,"minecraft:deepslate_tile_slab":30,"minecraft:dirt":126,"minecraft:lantern":7,"minecraft:bone":6,"minecraft:apple":1,"minecraft:stone_bricks":1418,"minecraft:cobbled_deepslate_wall":1,"minecraft:bow":1,"minecraft:wheat_seeds":1,"minecraft:orange_tulip":1,"minecraft:deepslate_brick_slab":46,"minecraft:stone_pickaxe":1,"minecraft:glass_bottle":1,"minecraft:oak_planks":17,"minecraft:dandelion":1,"minecraft:gravel":7,"minecraft:stripped_spruce_log":7,"minecraft:spruce_log":18,"minecraft:white_bed":3,"minecraft:lily_of_the_valley":2,"minecraft:spruce_fence_gate":15,"minecraft:granite":8,"minecraft:oak_sapling":10,"minecraft:coal":4,"minecraft:sunflower":3},"minecraft:killed_by":{"minecraft:player":1}},"DataVersion":3955}