{"stats":{"minecraft:mined":{"supplementaries:cannon":1,"minecraft:deepslate_tiles":15,"minecraft:spruce_planks":21,"minecraft:white_bed":2,"minecraft:cherry_log":17,"minecraft:cobblestone_stairs":5,"minecraft:gray_stained_glass_pane":5,"minecraft:spruce_trapdoor":1,"gravestone:gravestone":4,"minecraft:nether_bricks":5,"minecraft:allium":14,"minecraft:grass_block":200,"minecraft:spruce_fence":63,"minecraft:deepslate_tile_stairs":65,"minecraft:oxeye_daisy":8,"minecraft:hay_block":2,"minecraft:deepslate_brick_slab":27,"minecraft:oak_trapdoor":5,"minecraft:carrots":9,"minecraft:andesite":13,"minecraft:stripped_spruce_log":21,"minecraft:azure_bluet":3,"diagonalfences:minecraft/spruce_fence":12,"minecraft:red_tulip":4,"minecraft:potatoes":1,"minecraft:oak_stairs":2,"minecraft:lantern":10,"minecraft:pink_tulip":9,"minecraft:white_tulip":3,"minecraft:stone":2700,"minecraft:spruce_slab":28,"minecraft:oak_slab":49,"minecraft:cherry_planks":1,"minecraft:red_bed":1,"minecraft:lily_of_the_valley":1,"minecraft:deepslate_tile_slab":47,"minecraft:dandelion":1,"minecraft:cornflower":2,"minecraft:crafting_table":2,"minecraft:cobbled_deepslate_wall":2,"minecraft:torch":2,"minecraft:short_grass":24,"diagonalfences:minecraft/oak_fence":14,"minecraft:poppy":1,"minecraft:copper_ore":11,"minecraft:cobblestone":252,"minecraft:oak_planks":47,"minecraft:diorite":20,"minecraft:blue_bed":1,"minecraft:wall_torch":4,"minecraft:birch_planks":30,"minecraft:stripped_spruce_wood":2,"minecraft:cobblestone_wall":44,"minecraft:birch_log":40,"minecraft:black_bed":6,"minecraft:spruce_log":21,"minecraft:birch_leaves":5,"minecraft:birch_door":5,"minecraft:orange_tulip":5,"minecraft:bee_nest":1,"minecraft:oak_log":220,"minecraft:coal_ore":7,"minecraft:beetroots":1,"minecraft:sunflower":4,"minecraft:gravel":5,"minecraft:dirt":133,"minecraft:cracked_stone_bricks":4,"minecraft:oak_button":1,"minecraft:spruce_fence_gate":24,"minecraft:stone_bricks":18,"minecraft:oak_leaves":315},"minecraft:used":{"minecraft:oak_trapdoor":7,"minecraft:beetroot":1,"minecraft:iron_shovel":170,"minecraft:spruce_slab":36,"minecraft:spruce_planks":76,"minecraft:stone":479,"minecraft:oak_door":3,"minecraft:torch":23,"minecraft:dirt":229,"minecraft:cobblestone_wall":41,"minecraft:carrot":33,"minecraft:deepslate_tile_slab":28,"minecraft:deepslate_brick_slab":17,"minecraft:golden_shovel":40,"minecraft:spruce_fence":63,"minecraft:stripped_spruce_log":14,"minecraft:obsidian":10,"minecraft:birch_door":5,"minecraft:wooden_axe":118,"minecraft:lantern":9,"minecraft:oak_stairs":6,"minecraft:iron_helmet":1,"minecraft:iron_boots":1,"minecraft:stone_bricks":1418,"ecologics:cooked_prickly_pear":3,"minecraft:hay_block":2,"minecraft:oak_sapling":8,"minecraft:deepslate_tile_stairs":62,"minecraft:potato":78,"minecraft:stripped_spruce_wood":1,"farmersdelight:hamburger":1,"minecraft:water_bucket":2,"minecraft:leather_leggings":1,"minecraft:cobblestone_stairs":21,"farmersdelight:skillet":6,"minecraft:birch_planks":152,"minecraft:stone_pickaxe":232,"minecraft:oak_planks":666,"minecraft:cherry_planks":69,"minecraft:spruce_fence_gate":12,"minecraft:leather_boots":1,"minecraft:oak_slab":87,"minecraft:crafting_table":3,"minecraft:crossbow":3,"minecraft:white_bed":3,"minecraft:spruce_log":8,"mowziesmobs:wrought_axe":779,"minecraft:deepslate_tiles":10,"minecraft:oak_log":42,"minecraft:apple":13,"minecraft:bread":51,"minecraft:oak_button":1,"minecraft:iron_pickaxe":1515,"minecraft:suspicious_stew":1,"minecraft:gravel":4,"minecraft:cobblestone":2736,"vanillaplustools:iron_hammer":296,"minecraft:andesite":2,"minecraft:bucket":2,"minecraft:birch_log":8,"minecraft:oak_fence":20},"minecraft:crafted":{"minecraft:oak_door":3,"minecraft:oak_planks":680,"minecraft:cobblestone_stairs":16,"minecraft:oak_trapdoor":2,"minecraft:stone_pickaxe":2,"minecraft:oak_button":1,"minecraft:oak_fence":6,"minecraft:oak_slab":30,"minecraft:crafting_table":1,"minecraft:spruce_planks":52,"minecraft:birch_planks":124,"minecraft:bucket":1,"minecraft:stick":4,"minecraft:iron_pickaxe":1,"minecraft:oak_stairs":8,"minecraft:wooden_axe":2,"minecraft:cherry_planks":68},"minecraft:dropped":{"minecraft:oak_log":2,"ecologics:music_disc_coconut":1,"minecraft:glass_bottle":2,"minecraft:cobbled_deepslate_wall":1,"minecraft:orange_tulip":1,"minecraft:iron_helmet":2,"minecraft:granite":4,"minecraft:deepslate_tile_slab":2,"mowziesmobs:wrought_axe":1,"minecraft:spruce_fence_gate":1,"minecraft:oxeye_daisy":8,"minecraft:dirt":40,"minecraft:diorite":20,"minecraft:cornflower":3,"minecraft:rib_armor_trim_smithing_template":1,"gravestone:obituary":4,"minecraft:iron_pickaxe":7,"minecraft:string":1,"minecraft:pink_tulip":10,"minecraft:dandelion":1,"minecraft:bone":3,"minecraft:gravel":1,"minecraft:white_tulip":4,"minecraft:compass":1,"minecraft:golden_chestplate":2,"minecraft:raw_copper":9,"minecraft:bowl":1,"minecraft:birch_sapling":1,"minecraft:rotten_flesh":6,"minecraft:deepslate_brick_slab":29,"minecraft:oak_planks":2,"minecraft:golden_shovel":1,"minecraft:azure_bluet":3,"selfexpression:hacker_helmet":1,"minecraft:nether_bricks":4,"minecraft:spruce_fence":5,"minecraft:lily_of_the_valley":2,"minecraft:potato":6,"minecraft:deepslate_tiles":10,"minecraft:stone":4,"minecraft:gunpowder":41,"minecraft:allium":17,"minecraft:iron_chestplate":1,"minecraft:andesite":9,"minecraft:beetroot_seeds":3,"minecraft:oak_sapling":6,"supplementaries:bubble_blower":1,"minecraft:spruce_log":6,"minecraft:spruce_slab":1,"minecraft:arrow":1,"minecraft:bow":1,"minecraft:stone_pickaxe":1,"minecraft:red_tulip":1},"minecraft:custom":{"minecraft:interact_with_smithing_table":3,"lootr:looted_stat":20,"minecraft:mob_kills":19,"minecraft:interact_with_crafting_table":22,"minecraft:bell_ring":12,"minecraft:leave_game":5,"minecraft:time_since_death":24287,"minecraft:climb_one_cm":901,"minecraft:sprint_one_cm":1246764,"minecraft:walk_one_cm":1792681,"minecraft:drop":131,"minecraft:talked_to_villager":33,"minecraft:play_time":488490,"minecraft:deaths":4,"minecraft:sneak_time":11329,"minecraft:walk_under_water_one_cm":5946,"minecraft:jump":6996,"minecraft:walk_on_water_one_cm":7889,"minecraft:total_world_time":488490,"minecraft:interact_with_stonecutter":2,"minecraft:sleep_in_bed":8,"minecraft:time_since_rest":24328,"minecraft:damage_taken":3885,"minecraft:damage_dealt":4726,"minecraft:swim_one_cm":8599,"minecraft:player_kills":3,"minecraft:fly_one_cm":706257,"minecraft:open_chest":22,"minecraft:crouch_one_cm":29966,"minecraft:interact_with_smoker":2,"minecraft:fall_one_cm":149553},"minecraft:picked_up":{"minecraft:crafting_table":2,"minecraft:birch_door":5,"selfexpression:hacker_helmet":1,"minecraft:allium":17,"minecraft:azure_bluet":3,"minecraft:oak_stairs":2,"gravestone:obituary":1,"mutantmonsters:mutant_skeleton_skull":1,"minecraft:string":1,"minecraft:cornflower":3,"minecraft:oak_trapdoor":5,"minecraft:raw_copper":32,"minecraft:beetroot":1,"minecraft:cracked_stone_bricks":4,"minecraft:deepslate_tiles":20,"minecraft:spruce_planks":24,"minecraft:white_tulip":4,"minecraft:iron_pickaxe":5,"minecraft:spruce_slab":29,"minecraft:birch_sapling":1,"minecraft:stick":12,"minecraft:stone":4,"minecraft:oak_fence":14,"minecraft:torch":23,"minecraft:spruce_fence":73,"minecraft:cherry_log":17,"minecraft:diorite":40,"minecraft:carrot":26,"minecraft:deepslate_tile_stairs":62,"minecraft:golden_chestplate":1,"minecraft:arrow":4,"minecraft:rotten_flesh":7,"minecraft:beetroot_seeds":3,"minecraft:nether_bricks":4,"minecraft:hay_block":2,"minecraft:red_tulip":1,"minecraft:pink_tulip":14,"minecraft:cobblestone":2763,"minecraft:oxeye_daisy":8,"minecraft:birch_log":39,"minecraft:cherry_planks":1,"minecraft:andesite":18,"minecraft:potato":9,"minecraft:birch_planks":28,"minecraft:stripped_spruce_wood":1,"minecraft:oak_log":214,"minecraft:cobblestone_wall":42,"minecraft:gunpowder":41,"minecraft:cobblestone_stairs":5,"mowziesmobs:wrought_axe":2,"vanillaplustools:iron_hammer":2,"minecraft:deepslate_tile_slab":31,"minecraft:dirt":378,"minecraft:lantern":9,"minecraft:bone":6,"minecraft:apple":1,"minecraft:stone_bricks":1418,"minecraft:bow":1,"minecraft:wheat_seeds":1,"minecraft:cobbled_deepslate_wall":1,"minecraft:orange_tulip":1,"minecraft:deepslate_brick_slab":46,"minecraft:iron_ingot":3,"minecraft:stone_pickaxe":1,"minecraft:glass_bottle":2,"minecraft:oak_planks":48,"minecraft:oak_slab":57,"minecraft:dandelion":1,"minecraft:gravel":7,"minecraft:stripped_spruce_log":17,"minecraft:spruce_log":24,"minecraft:white_bed":3,"minecraft:lily_of_the_valley":2,"minecraft:spruce_fence_gate":19,"minecraft:granite":8,"minecraft:oak_button":1,"minecraft:oak_sapling":15,"minecraft:coal":5,"minecraft:sunflower":3},"minecraft:killed_by":{"minecraft:player":1,"mutantmonsters:mutant_creeper":1,"mutantmonsters:mutant_skeleton":1},"minecraft:broken":{"minecraft:leather_leggings":1,"vanillaplustools:iron_hammer":1,"minecraft:stone_pickaxe":1,"minecraft:wooden_axe":2},"minecraft:killed":{"minecraft:spider":3,"minecraft:skeleton":3,"minecraft:zombie_villager":1,"crittersandcompanions:ferret":1,"minecraft:iron_golem":1,"minecraft:creeper":1,"minecraft:zombie":7,"ecologics:penguin":1,"minecraft:player":3}},"DataVersion":3955}