{"stats":{"minecraft:mined":{"supplementaries:cannon":1,"minecraft:deepslate_tiles":15,"minecraft:spruce_planks":21,"minecraft:white_bed":2,"minecraft:cobblestone_stairs":5,"minecraft:cherry_log":17,"minecraft:spruce_trapdoor":1,"minecraft:nether_bricks":5,"minecraft:gray_stained_glass_pane":5,"minecraft:granite":111,"gravestone:gravestone":6,"minecraft:allium":14,"minecraft:spruce_fence":63,"minecraft:grass_block":231,"minecraft:deepslate_tile_stairs":65,"minecraft:oxeye_daisy":8,"minecraft:hay_block":2,"minecraft:deepslate_brick_slab":27,"minecraft:oak_trapdoor":5,"minecraft:carrots":26,"minecraft:andesite":28,"minecraft:stripped_spruce_log":21,"minecraft:azure_bluet":3,"diagonalfences:minecraft/spruce_fence":12,"minecraft:red_tulip":7,"minecraft:potatoes":1,"minecraft:rail":8,"minecraft:oak_stairs":2,"minecraft:lantern":10,"minecraft:pink_tulip":9,"minecraft:white_tulip":3,"minecraft:stone":4733,"minecraft:spruce_slab":34,"minecraft:oak_slab":49,"minecraft:cherry_planks":1,"minecraft:red_bed":1,"minecraft:lily_of_the_valley":1,"minecraft:deepslate_tile_slab":47,"minecraft:dandelion":1,"minecraft:cornflower":2,"minecraft:cobbled_deepslate_wall":2,"minecraft:crafting_table":3,"minecraft:torch":19,"minecraft:short_grass":25,"diagonalfences:minecraft/oak_fence":14,"minecraft:poppy":1,"minecraft:copper_ore":39,"minecraft:cobblestone":320,"minecraft:lapis_ore":2,"minecraft:oak_planks":47,"minecraft:diorite":117,"minecraft:blue_bed":1,"minecraft:wall_torch":7,"minecraft:birch_planks":34,"minecraft:cobblestone_wall":44,"minecraft:stripped_spruce_wood":5,"minecraft:birch_log":41,"minecraft:spruce_log":21,"minecraft:birch_leaves":5,"minecraft:orange_tulip":12,"minecraft:birch_door":5,"minecraft:black_bed":6,"minecraft:bee_nest":1,"minecraft:oak_log":233,"minecraft:coal_ore":29,"minecraft:beetroots":1,"minecraft:sunflower":4,"minecraft:gravel":11,"minecraft:dirt":174,"minecraft:cracked_stone_bricks":4,"minecraft:oak_button":1,"minecraft:spruce_fence_gate":24,"minecraft:stone_bricks":18,"minecraft:oak_leaves":319},"minecraft:used":{"minecraft:beetroot":1,"minecraft:iron_shovel":170,"minecraft:spruce_slab":42,"minecraft:spruce_planks":76,"minecraft:stone":479,"minecraft:oak_door":3,"minecraft:torch":35,"minecraft:dirt":261,"minecraft:cobblestone_wall":41,"minecraft:carrot":70,"minecraft:deepslate_tile_slab":28,"minecraft:deepslate_brick_slab":17,"minecraft:granite":25,"minecraft:golden_shovel":40,"minecraft:spruce_fence":63,"minecraft:stripped_spruce_log":14,"minecraft:obsidian":10,"minecraft:birch_door":5,"minecraft:wooden_axe":118,"minecraft:lantern":9,"minecraft:oak_stairs":6,"minecraft:iron_helmet":1,"minecraft:iron_boots":1,"minecraft:stone_bricks":1418,"ecologics:cooked_prickly_pear":3,"minecraft:hay_block":2,"minecraft:oak_sapling":8,"minecraft:deepslate_tile_stairs":62,"minecraft:minecart":3,"minecraft:potato":78,"farmersdelight:hamburger":1,"minecraft:stripped_spruce_wood":4,"minecraft:water_bucket":2,"minecraft:diorite":68,"minecraft:leather_leggings":1,"minecraft:cobblestone_stairs":21,"farmersdelight:skillet":6,"minecraft:birch_planks":155,"minecraft:stone_pickaxe":367,"minecraft:oak_planks":666,"minecraft:cherry_planks":69,"minecraft:spruce_fence_gate":12,"minecraft:leather_boots":1,"minecraft:rail":40,"minecraft:oak_slab":87,"minecraft:crafting_table":4,"minecraft:crossbow":3,"minecraft:white_bed":3,"minecraft:spruce_log":8,"mowziesmobs:wrought_axe":1008,"minecraft:deepslate_tiles":10,"minecraft:oak_log":55,"minecraft:apple":13,"minecraft:bread":51,"minecraft:iron_pickaxe":1518,"minecraft:oak_button":2,"minecraft:suspicious_stew":1,"minecraft:gravel":9,"minecraft:cobblestone":4076,"vanillaplustools:iron_hammer":609,"minecraft:andesite":19,"minecraft:bucket":2,"minecraft:birch_log":8,"mowziesmobs:earthrend_gauntlet":1,"minecraft:oak_fence":20,"minecraft:oak_trapdoor":7},"minecraft:crafted":{"minecraft:cherry_planks":68,"minecraft:oak_door":3,"minecraft:oak_planks":680,"minecraft:cobblestone_stairs":16,"minecraft:oak_trapdoor":2,"minecraft:stone_pickaxe":4,"minecraft:oak_button":1,"minecraft:rail":32,"minecraft:oak_fence":6,"minecraft:minecart":1,"minecraft:oak_slab":30,"minecraft:crafting_table":1,"minecraft:spruce_planks":52,"minecraft:bucket":1,"minecraft:birch_planks":124,"minecraft:stick":4,"minecraft:iron_pickaxe":1,"minecraft:oak_stairs":8,"minecraft:wooden_axe":2},"minecraft:dropped":{"minecraft:oak_log":2,"ecologics:music_disc_coconut":1,"minecraft:glass_bottle":2,"minecraft:cobbled_deepslate_wall":1,"minecraft:orange_tulip":10,"minecraft:iron_helmet":2,"minecraft:cobblestone":3,"minecraft:granite":85,"minecraft:deepslate_tile_slab":2,"mowziesmobs:wrought_axe":1,"minecraft:stick":1,"minecraft:spruce_fence_gate":1,"minecraft:oxeye_daisy":8,"minecraft:dirt":110,"minecraft:diorite":20,"minecraft:cornflower":3,"minecraft:rib_armor_trim_smithing_template":1,"gravestone:obituary":5,"minecraft:iron_pickaxe":9,"minecraft:iron_shovel":1,"minecraft:string":1,"minecraft:dandelion":1,"minecraft:pink_tulip":14,"minecraft:bone":3,"minecraft:gravel":5,"minecraft:white_tulip":4,"minecraft:compass":1,"minecraft:golden_chestplate":2,"minecraft:raw_copper":73,"minecraft:bowl":1,"minecraft:birch_sapling":1,"minecraft:deepslate_brick_slab":29,"minecraft:rotten_flesh":14,"minecraft:oak_planks":2,"minecraft:golden_shovel":1,"minecraft:azure_bluet":3,"selfexpression:hacker_helmet":1,"minecraft:nether_bricks":4,"minecraft:spruce_fence":5,"minecraft:lily_of_the_valley":2,"minecraft:poppy":5,"minecraft:potato":6,"minecraft:deepslate_tiles":10,"minecraft:stone":4,"minecraft:gunpowder":41,"minecraft:oak_button":1,"minecraft:allium":17,"minecraft:iron_chestplate":1,"minecraft:andesite":9,"minecraft:beetroot_seeds":3,"minecraft:oak_sapling":6,"supplementaries:bubble_blower":1,"minecraft:spruce_log":6,"minecraft:spruce_slab":1,"minecraft:arrow":1,"minecraft:bow":1,"minecraft:stone_pickaxe":2,"minecraft:red_tulip":4},"minecraft:custom":{"minecraft:interact_with_smithing_table":3,"lootr:looted_stat":20,"minecraft:mob_kills":35,"minecraft:interact_with_crafting_table":28,"minecraft:bell_ring":12,"minecraft:leave_game":8,"minecraft:time_since_death":25542,"minecraft:climb_one_cm":901,"minecraft:sprint_one_cm":1427666,"minecraft:walk_one_cm":2283837,"minecraft:drop":194,"minecraft:talked_to_villager":34,"minecraft:play_time":584985,"minecraft:deaths":6,"minecraft:sneak_time":16072,"minecraft:walk_under_water_one_cm":5946,"minecraft:jump":8196,"minecraft:walk_on_water_one_cm":8019,"minecraft:total_world_time":584985,"minecraft:interact_with_furnace":2,"minecraft:interact_with_stonecutter":2,"minecraft:sleep_in_bed":10,"minecraft:time_since_rest":25566,"minecraft:damage_taken":4759,"minecraft:minecart_one_cm":5109,"minecraft:damage_dealt":9340,"minecraft:swim_one_cm":8599,"minecraft:player_kills":3,"minecraft:fly_one_cm":854529,"minecraft:open_chest":34,"minecraft:crouch_one_cm":41587,"minecraft:interact_with_smoker":2,"minecraft:fall_one_cm":171344},"minecraft:picked_up":{"minecraft:crafting_table":3,"minecraft:birch_door":5,"selfexpression:hacker_helmet":1,"minecraft:allium":17,"minecraft:azure_bluet":3,"minecraft:oak_stairs":2,"gravestone:obituary":1,"minecraft:string":1,"minecraft:cornflower":3,"minecraft:oak_trapdoor":5,"mutantmonsters:mutant_skeleton_skull":1,"minecraft:raw_copper":96,"minecraft:beetroot":1,"minecraft:cracked_stone_bricks":4,"minecraft:deepslate_tiles":20,"minecraft:spruce_planks":24,"minecraft:white_tulip":4,"minecraft:poppy":5,"minecraft:iron_pickaxe":5,"minecraft:spruce_slab":35,"minecraft:minecart":3,"minecraft:birch_sapling":1,"minecraft:stick":13,"minecraft:stone":4,"minecraft:oak_fence":14,"minecraft:torch":43,"minecraft:spruce_fence":73,"minecraft:cherry_log":17,"minecraft:diorite":108,"minecraft:carrot":85,"minecraft:deepslate_tile_stairs":62,"minecraft:golden_chestplate":1,"minecraft:arrow":4,"minecraft:rotten_flesh":15,"minecraft:beetroot_seeds":3,"minecraft:nether_bricks":4,"minecraft:hay_block":2,"minecraft:red_tulip":4,"minecraft:pink_tulip":14,"minecraft:rail":8,"minecraft:cobblestone":4110,"minecraft:oxeye_daisy":8,"minecraft:birch_log":39,"minecraft:cherry_planks":1,"minecraft:andesite":35,"minecraft:potato":9,"minecraft:birch_planks":31,"minecraft:stripped_spruce_wood":4,"minecraft:oak_log":227,"minecraft:cobblestone_wall":42,"minecraft:gunpowder":41,"minecraft:cobblestone_stairs":5,"mowziesmobs:wrought_axe":2,"minecraft:deepslate_tile_slab":31,"vanillaplustools:iron_hammer":2,"minecraft:dirt":450,"minecraft:lantern":9,"minecraft:bone":6,"minecraft:apple":1,"minecraft:stone_bricks":1418,"minecraft:wheat_seeds":1,"minecraft:bow":1,"minecraft:cobbled_deepslate_wall":1,"minecraft:orange_tulip":10,"minecraft:deepslate_brick_slab":46,"minecraft:iron_ingot":20,"minecraft:stone_pickaxe":1,"minecraft:glass_bottle":2,"minecraft:oak_planks":48,"minecraft:oak_slab":57,"minecraft:dandelion":1,"minecraft:gravel":16,"minecraft:stripped_spruce_log":17,"minecraft:white_bed":3,"minecraft:spruce_log":24,"minecraft:lily_of_the_valley":2,"minecraft:spruce_fence_gate":19,"minecraft:granite":114,"minecraft:oak_button":2,"minecraft:oak_sapling":15,"minecraft:coal":27,"minecraft:sunflower":3},"minecraft:killed_by":{"minecraft:player":1,"mutantmonsters:mutant_creeper":1,"mutantmonsters:mutant_skeleton":1,"minecraft:zombie":1},"minecraft:broken":{"minecraft:leather_leggings":1,"vanillaplustools:iron_hammer":2,"minecraft:stone_pickaxe":1,"minecraft:wooden_axe":2},"minecraft:killed":{"minecraft:spider":3,"minecraft:skeleton":3,"minecraft:zombie_villager":1,"crittersandcompanions:ferret":1,"minecraft:iron_golem":5,"minecraft:creeper":1,"minecraft:zombie":14,"ecologics:penguin":1,"minecraft:player":3,"minecraft:villager":1}},"DataVersion":3955}