{"stats":{"minecraft:used":{"mowziesmobs:earthrend_gauntlet":8,"ecologics:sandcastle":1,"mowziesmobs:sculptor_spawn_egg":1,"minecraft:spruce_slab":103,"minecraft:mangrove_fence_gate":3,"minecraft:shield":48,"minecraft:stone":6,"minecraft:iron_sword":62,"supplementaries:globe":1,"minecraft:iron_chestplate":1,"minecraft:nether_bricks":20,"minecraft:carrot":7,"minecraft:deepslate_tile_slab":33,"minecraft:deepslate_brick_slab":14,"minecraft:azure_bluet":2,"minecraft:stripped_spruce_log":20,"minecraft:obsidian":12,"vanillaplustools:iron_shovel":72,"mowziesmobs:bluff_spawn_egg":1,"minecraft:mangrove_stairs":2,"minecraft:lantern":3,"minecraft:grass_block":392,"minecraft:iron_helmet":1,"crittersandcompanions:shima_enaga_spawn_egg":1,"minecraft:stone_bricks":23,"refurbished_furniture:crimson_storage_jar":1,"minecraft:stripped_mangrove_log":29,"mowziesmobs:umvuthana_mask_rage":1,"mowziesmobs:geomancer_beads":2,"supplementaries:ash":1,"ironchest:obsidian_chest":4,"farmersdelight:safety_net":4,"minecraft:egg":2,"minecraft:potato":5,"minecraft:stripped_spruce_wood":17,"farmersdelight:hamburger":43,"minecraft:diamond_boots":2,"minecraft:ender_pearl":1,"minecraft:sandstone":2,"minecraft:blue_bed":5,"minecraft:diamond_axe":174,"mowziesmobs:naga_spawn_egg":2,"minecraft:golden_apple":44,"minecraft:sand":4,"mowziesmobs:grottol_spawn_egg":1,"minecraft:mushroom_stew":1,"mowziesmobs:geomancer_robe":1,"minecraft:crossbow":1,"minecraft:black_bed":8,"minecraft:cobbled_deepslate_stairs":5,"minecraft:deepslate_tiles":2,"waystones:waystone":2,"sophisticatedbackpacks:backpack":3,"minecraft:gray_stained_glass_pane":16,"minecraft:birch_slab":1,"minecraft:bread":31,"supplementaries:cannon":3,"supplementaries:iron_gate":3,"minecraft:gravel":2,"ecologics:coconut_slice":10,"minecraft:birch_log":1,"ironchest:crystal_chest":1,"supplementaries:wind_vane":1,"refurbished_furniture:oak_bath":1,"ecologics:crab_claw":4,"minecraft:flint_and_steel":272,"minecraft:armor_stand":7,"farmersdelight:rich_soil":1,"minecraft:mangrove_fence":36,"minecraft:netherrack":17,"minecraft:stick":3,"minecraft:torch":1,"minecraft:dirt":36,"minecraft:golden_shovel":10,"minecraft:spruce_fence":18,"mowziesmobs:wrought_helmet":4,"minecraft:birch_door":1,"minecraft:stone_brick_slab":1,"aquaculture:iron_fishing_rod":3,"minecraft:iron_axe":9,"minecraft:oak_stairs":2,"mowziesmobs:geomancer_belt":2,"minecraft:iron_boots":1,"refurbished_furniture:oak_desk":2,"minecraft:basalt":36,"minecraft:deepslate_tile_stairs":45,"supplementaries:bunting_purple":34,"torchmaster:megatorch":9,"waystones:deepslate_waystone":1,"minecraft:cobbled_deepslate":2,"selfexpression:skull_helmet":1,"minecraft:cobblestone_stairs":7,"farmersdelight:skillet":19,"minecraft:birch_boat":2,"mowziesmobs:gong":2,"minecraft:stonecutter":1,"selfexpression:official_boots":1,"minecraft:crafting_table":1,"minecraft:red_bed":9,"mowziesmobs:wrought_axe":2,"minecraft:oak_log":2,"minecraft:wooden_hoe":7,"supplementaries:cage":6,"mowziesmobs:geomancer_sandals":2,"minecraft:iron_pickaxe":1,"minecraft:stone_slab":36,"supplementaries:awning_red":16,"supplementaries:fire_pit":3,"supplementaries:checker_slab":36,"supplementaries:rope":14,"mowziesmobs:sol_visage":1,"minecraft:cobblestone":350,"minecraft:porkchop":2,"vanillaplustools:iron_hammer":1101},"minecraft:mined":{"supplementaries:cannon":1,"minecraft:spruce_planks":8,"minecraft:white_bed":1,"minecraft:cobbled_deepslate_stairs":1,"minecraft:granite":37,"minecraft:acacia_log":1,"minecraft:grass_block":235,"minecraft:stone_brick_wall":1,"minecraft:white_concrete":2,"minecraft:soul_soil":5,"minecraft:diorite_stairs":1,"minecraft:iron_ore":5,"minecraft:fire":1,"minecraft:moss_carpet":1,"minecraft:azure_bluet":2,"minecraft:polished_deepslate_slab":1,"minecraft:dirt_path":2,"minecraft:oak_stairs":3,"minecraft:spruce_wood":2,"minecraft:spruce_slab":16,"lootr:lootr_chest":2,"minecraft:red_bed":2,"minecraft:blackstone":155,"minecraft:crimson_nylium":5,"minecraft:clay":74,"minecraft:blast_furnace":1,"minecraft:calcite":8,"farmersdelight:safety_net":4,"minecraft:nether_quartz_ore":73,"minecraft:cobblestone":33,"minecraft:sugar_cane":2,"minecraft:oak_planks":8,"minecraft:wall_torch":1,"supplementaries:checker_slab":4,"supplementaries:fire_pit":1,"ecologics:seashell":1,"minecraft:birch_log":6,"minecraft:lilac":1,"minecraft:birch_door":1,"minecraft:black_bed":3,"minecraft:stone_brick_stairs":2,"minecraft:oak_log":7,"minecraft:sand":67,"mowziesmobs:gong":1,"minecraft:dirt":171,"supplementaries:rope_buntings":9,"minecraft:netherrack":2821,"minecraft:oak_leaves":44,"minecraft:nether_gold_ore":9,"minecraft:oak_door":2,"ribbits:mossy_oak_planks_slab":1,"torchmaster:megatorch":1,"gravestone:gravestone":21,"minecraft:nether_bricks":47,"minecraft:spruce_fence":1,"minecraft:birch_slab":1,"minecraft:moss_block":2,"supplementaries:rope":4,"minecraft:snow":12,"minecraft:suspicious_sand":1,"minecraft:andesite":151,"minecraft:stripped_spruce_log":4,"minecraft:nether_brick_fence":6,"supplementaries:bunting_wall_purple":2,"minecraft:polished_deepslate":4,"minecraft:lantern":1,"crittersandcompanions:silk_cocoon":2,"minecraft:bamboo":1,"minecraft:stone":3435,"minecraft:white_tulip":6,"sophisticatedbackpacks:backpack":1,"minecraft:podzol":1,"minecraft:acacia_leaves":19,"minecraft:soul_sand":52,"minecraft:basalt":722,"supplementaries:ashen_basalt":1,"supplementaries:awning_red":10,"minecraft:short_grass":39,"ecologics:walnut_leaves":2,"minecraft:tall_grass":1,"minecraft:copper_ore":16,"minecraft:diorite":115,"supplementaries:cage":1,"minecraft:blue_bed":2,"supplementaries:urn":2,"minecraft:birch_planks":6,"supplementaries:bunting_purple":1,"minecraft:stripped_spruce_wood":1,"minecraft:cobblestone_wall":2,"minecraft:gray_bed":1,"diagonalfences:minecraft/mangrove_fence":2,"minecraft:birch_leaves":5,"minecraft:coal_ore":93,"minecraft:gravel":5,"minecraft:stone_bricks":27,"minecraft:fern":1},"minecraft:crafted":{"minecraft:birch_boat":1,"minecraft:stone":11,"farmersdelight:safety_net":3,"minecraft:stone_brick_slab":2,"minecraft:crafting_table":1,"minecraft:birch_planks":12,"ecologics:sandcastle":1,"minecraft:stick":4,"minecraft:air":0,"supplementaries:bubble_blower":1,"minecraft:acacia_planks":4,"minecraft:clay":71},"minecraft:dropped":{"minecraft:crimson_nylium":4,"minecraft:soul_sand":46,"minecraft:short_grass":3,"minecraft:birch_planks":3,"minecraft:diamond_axe":1,"mowziesmobs:ice_crystal":1,"minecraft:saddle":1,"minecraft:deepslate_tile_stairs":1,"minecraft:dirt":8,"minecraft:cooked_cod":1,"gravestone:obituary":15,"farmersdelight:onion":4,"minecraft:sand":18,"vanillaplustools:iron_hammer":3,"minecraft:bone":10,"minecraft:gold_ingot":3,"minecraft:white_tulip":27,"minecraft:blackstone":11,"mowziesmobs:umvuthana_mask_rage":2,"minecraft:golden_chestplate":1,"minecraft:obsidian":1,"selfexpression:official_boots":1,"mowziesmobs:geomancer_beads":1,"minecraft:rotten_flesh":2,"minecraft:oak_planks":4,"minecraft:azure_bluet":2,"minecraft:nether_brick_fence":2,"selfexpression:hacker_helmet":1,"minecraft:mangrove_fence":2,"ecologics:coconut_husk":11,"minecraft:acacia_sapling":1,"minecraft:chest":2,"farmersdelight:rope":19,"minecraft:basalt":243,"minecraft:netherrack":448,"selfexpression:official_chestplate":2,"mowziesmobs:bluff_rod":2,"farmersdelight:tomato_seeds":8,"minecraft:wheat_seeds":8,"crittersandcompanions:shima_enaga_spawn_egg":1,"minecraft:feather":4,"minecraft:granite":4,"ecologics:crab_claw":1,"vanillaplustools:iron_shovel":1,"mowziesmobs:geomancer_belt":1,"minecraft:deepslate_tile_slab":4,"minecraft:coal":4,"minecraft:golden_apple":11,"mowziesmobs:wrought_axe":1,"minecraft:stick":4,"mowziesmobs:sol_visage":1,"mowziesmobs:mob_remover":2,"minecraft:diorite":4,"minecraft:white_concrete":2,"minecraft:iron_leggings":1,"minecraft:string":6,"minecraft:acacia_planks":2,"minecraft:soul_soil":10,"farmersdelight:cabbage_seeds":2,"minecraft:iron_boots":1,"sophisticatedbackpacks:backpack":3,"minecraft:nether_bricks":23,"minecraft:spruce_fence":1,"minecraft:acacia_leaves":1,"supplementaries:bamboo_spikes_tipped":1,"crittersandcompanions:silk":5,"supplementaries:cage":1,"minecraft:lily_of_the_valley":1,"minecraft:filled_map":2,"torchmaster:megatorch":2,"minecraft:stone":64,"minecraft:allium":7,"mowziesmobs:umvuthana_mask_misery":2,"minecraft:spruce_planks":3,"minecraft:iron_chestplate":1,"minecraft:oak_sapling":1,"supplementaries:bubble_blower":1,"minecraft:stone_bricks":1466,"minecraft:spider_eye":3,"minecraft:bamboo":4,"minecraft:diamond_boots":1,"explorerscompass:explorerscompass":2,"minecraft:nether_quartz_ore":8,"minecraft:calcite":3,"minecraft:stripped_spruce_wood":1},"minecraft:custom":{"lootr:looted_stat":70,"minecraft:interact_with_crafting_table":4,"minecraft:open_barrel":6,"minecraft:bell_ring":1,"minecraft:eat_cake_slice":1,"minecraft:leave_game":20,"minecraft:time_since_death":93219,"minecraft:damage_resisted":4,"minecraft:sprint_one_cm":1616968,"minecraft:drop":232,"minecraft:talked_to_villager":16,"minecraft:play_time":830618,"minecraft:deaths":26,"minecraft:jump":12581,"minecraft:walk_on_water_one_cm":56936,"minecraft:interact_with_furnace":2,"minecraft:sleep_in_bed":22,"minecraft:damage_dealt":16347,"minecraft:player_kills":4,"minecraft:crouch_one_cm":76236,"waystones:waystone_activated":5,"minecraft:interact_with_smoker":1,"minecraft:interact_with_smithing_table":2,"minecraft:mob_kills":46,"minecraft:damage_dealt_resisted":157,"minecraft:climb_one_cm":14656,"minecraft:walk_one_cm":1860192,"minecraft:damage_dealt_absorbed":96,"minecraft:sneak_time":32513,"minecraft:walk_under_water_one_cm":25282,"minecraft:boat_one_cm":114563,"minecraft:interact_with_lectern":9,"minecraft:total_world_time":830618,"minecraft:interact_with_stonecutter":6,"minecraft:time_since_rest":24093,"minecraft:damage_taken":14157,"minecraft:damage_absorbed":689,"minecraft:swim_one_cm":164629,"minecraft:fly_one_cm":2592429,"minecraft:open_chest":21,"minecraft:fish_caught":1,"minecraft:fall_one_cm":372943},"minecraft:picked_up":{"minecraft:birch_door":1,"minecraft:iron_chestplate":1,"minecraft:nether_brick_fence":6,"minecraft:oak_stairs":3,"minecraft:stone_brick_stairs":2,"minecraft:raw_copper":28,"minecraft:string":5,"minecraft:soul_soil":10,"minecraft:iron_leggings":1,"minecraft:armor_stand":4,"minecraft:spruce_planks":7,"minecraft:white_tulip":54,"minecraft:calcite":8,"minecraft:iron_boots":1,"ecologics:crab_claw":1,"minecraft:stick":8,"explorerscompass:explorerscompass":1,"mowziesmobs:sol_visage":1,"vanillaplustools:iron_shovel":1,"minecraft:torch":1,"minecraft:acacia_log":1,"minecraft:porkchop":2,"minecraft:diorite":15,"minecraft:deepslate_tile_stairs":1,"minecraft:golden_chestplate":1,"minecraft:rotten_flesh":12,"farmersdelight:rope":14,"supplementaries:ash":1,"minecraft:snowball":15,"minecraft:cobblestone":554,"mowziesmobs:gong":1,"minecraft:birch_log":4,"minecraft:feather":5,"minecraft:birch_slab":1,"minecraft:andesite":26,"minecraft:acacia_leaves":1,"farmersdelight:safety_net":4,"minecraft:stripped_spruce_wood":3,"minecraft:wither_skeleton_skull":1,"minecraft:dirt":402,"supplementaries:bunting_purple":20,"minecraft:lantern":7,"minecraft:mangrove_fence":4,"minecraft:bone":17,"minecraft:wheat_seeds":14,"minecraft:bamboo":4,"minecraft:moss_block":2,"minecraft:oak_planks":8,"aquaculture:atlantic_herring":1,"ecologics:prickly_pear":1,"mowziesmobs:earthrend_gauntlet":1,"torchmaster:megatorch":2,"minecraft:sand":64,"ecologics:coconut_husk":1,"minecraft:stripped_spruce_log":5,"minecraft:grass_block":3,"waystones:waystone":1,"supplementaries:bubble_blower":1,"supplementaries:cannon":2,"minecraft:granite":15,"minecraft:bone_meal":1,"minecraft:golden_apple":1,"minecraft:white_concrete":4,"minecraft:emerald":4,"minecraft:oak_sapling":7,"minecraft:netherrack":850,"selfexpression:hacker_helmet":1,"minecraft:allium":11,"minecraft:azure_bluet":4,"minecraft:clay_ball":284,"ecologics:seashell":1,"minecraft:stone_brick_wall":1,"ribbits:mossy_oak_planks_slab":1,"gravestone:obituary":7,"mowziesmobs:bluff_rod":5,"minecraft:red_bed":2,"minecraft:moss_carpet":1,"minecraft:blackstone":14,"minecraft:chest":3,"supplementaries:rope":12,"minecraft:spruce_slab":23,"supplementaries:cage":1,"minecraft:sugar_cane":3,"minecraft:birch_sapling":1,"minecraft:egg":2,"minecraft:copper_ore":16,"minecraft:raw_iron":2,"minecraft:sandstone":2,"minecraft:stone":2110,"minecraft:oak_door":2,"ecologics:coconut_slice":10,"minecraft:spruce_fence":3,"sophisticatedbackpacks:backpack":4,"farmersdelight:tomato_seeds":5,"minecraft:carrot":8,"mowziesmobs:umvuthana_mask_faith":1,"refurbished_furniture:crimson_storage_jar":1,"minecraft:arrow":3,"minecraft:nether_bricks":43,"minecraft:diamond_boots":1,"crittersandcompanions:silk":5,"mowziesmobs:ice_crystal":2,"minecraft:pink_tulip":1,"selfexpression:official_chestplate":2,"minecraft:white_wool":1,"farmersdelight:rich_soil":1,"minecraft:basalt":509,"minecraft:birch_planks":5,"minecraft:oak_log":11,"minecraft:gunpowder":85,"minecraft:cobbled_deepslate_stairs":1,"minecraft:cobblestone_wall":2,"mowziesmobs:wrought_axe":1,"minecraft:deepslate_tile_slab":4,"minecraft:diorite_stairs":1,"minecraft:blue_bed":3,"vanillaplustools:iron_hammer":2,"supplementaries:cannonball":114,"mowziesmobs:umvuthana_mask_rage":3,"minecraft:stone_bricks":23,"minecraft:rabbit_hide":3,"minecraft:spruce_wood":2,"minecraft:iron_ore":3,"minecraft:soul_sand":46,"mowziesmobs:umvuthana_mask_misery":1,"minecraft:gray_bed":1,"minecraft:acacia_sapling":1,"minecraft:nether_quartz_ore":8,"minecraft:birch_boat":1,"minecraft:quartz":65,"minecraft:gravel":18,"mowziesmobs:wrought_helmet":1,"minecraft:blast_furnace":1,"minecraft:white_bed":1,"minecraft:spider_eye":5,"minecraft:coal_ore":35,"supplementaries:awning_red":10,"minecraft:short_grass":3,"supplementaries:checker_slab":6,"minecraft:iron_helmet":4,"minecraft:diamond_axe":1,"ribbits:umbrella_leaf":1,"minecraft:crimson_nylium":4,"minecraft:coal":52,"minecraft:ender_pearl":1},"minecraft:killed_by":{"minecraft:wither_skeleton":2,"minecraft:creeper":1,"minecraft:blaze":1,"minecraft:zombie":3,"minecraft:player":2,"mowziesmobs:bluff":2,"mowziesmobs:ferrous_wroughtnaut":2,"mowziesmobs:sculptor":4},"minecraft:broken":{"vanillaplustools:iron_hammer":3,"minecraft:shield":1},"minecraft:killed":{"mowziesmobs:bluff":10,"mowziesmobs:umvuthi":1,"crittersandcompanions:leaf_insect":1,"mowziesmobs:frostmaw":1,"minecraft:skeleton":1,"mowziesmobs:umvuthana_crane_player":1,"mowziesmobs:umvuthana_crane":5,"minecraft:magma_cube":2,"minecraft:piglin":1,"minecraft:pig":1,"minecraft:zombie":4,"minecraft:blaze":1,"mowziesmobs:naga":1,"mowziesmobs:umvuthana":4,"minecraft:wither_skeleton":12,"minecraft:player":3}},"DataVersion":3955}