{"stats":{"minecraft:used":{"minecraft:cherry_sapling":72,"mowziesmobs:earthrend_gauntlet":14,"ecologics:sandcastle":1,"mowziesmobs:sculptor_spawn_egg":1,"minecraft:spruce_slab":103,"minecraft:mangrove_fence_gate":3,"minecraft:chest":7,"minecraft:shield":75,"minecraft:stone":6,"minecraft:iron_sword":62,"create:analog_lever":1,"supplementaries:globe":1,"minecraft:iron_chestplate":1,"create:cogwheel":62,"minecraft:nether_bricks":20,"minecraft:carrot":7,"minecraft:deepslate_tile_slab":33,"minecraft:deepslate_brick_slab":14,"minecraft:tuff":280,"minecraft:azure_bluet":2,"minecraft:glass":36,"minecraft:stripped_spruce_log":21,"minecraft:obsidian":15,"mutantmonsters:mutant_creeper_spawn_egg":1,"vanillaplustools:iron_shovel":119,"mowziesmobs:bluff_spawn_egg":1,"minecraft:lava_bucket":8,"minecraft:mangrove_stairs":2,"minecraft:lantern":3,"minecraft:grass_block":392,"mutantmonsters:creeper_minion_spawn_egg":1,"minecraft:iron_helmet":1,"crittersandcompanions:shima_enaga_spawn_egg":1,"minecraft:stone_bricks":3697,"create:andesite_funnel":11,"refurbished_furniture:crimson_storage_jar":1,"minecraft:stripped_mangrove_log":29,"mowziesmobs:geomancer_beads":2,"mowziesmobs:umvuthana_mask_rage":1,"create:shaft":36,"supplementaries:ash":1,"ironchest:obsidian_chest":4,"create:mechanical_drill":9,"farmersdelight:safety_net":4,"minecraft:egg":2,"minecraft:potato":5,"minecraft:stripped_spruce_wood":18,"farmersdelight:hamburger":43,"minecraft:diamond_boots":2,"minecraft:birch_leaves":4,"minecraft:oak_planks":9,"minecraft:ender_pearl":2,"minecraft:sandstone":2,"minecraft:diamond_axe":519,"minecraft:blue_bed":5,"mowziesmobs:naga_spawn_egg":2,"minecraft:oak_leaves":2,"minecraft:golden_apple":48,"minecraft:sand":4,"minecraft:blast_furnace":1,"mowziesmobs:grottol_spawn_egg":1,"minecraft:mushroom_stew":1,"mowziesmobs:geomancer_robe":1,"minecraft:crossbow":1,"minecraft:black_bed":9,"minecraft:cobbled_deepslate_stairs":5,"minecraft:shears":767,"minecraft:deepslate_tiles":2,"waystones:waystone":2,"sophisticatedbackpacks:backpack":3,"minecraft:birch_fence_gate":4,"minecraft:gray_stained_glass_pane":16,"minecraft:birch_slab":1,"minecraft:bread":145,"create:andesite_casing":26,"supplementaries:cannon":3,"supplementaries:iron_gate":3,"mutantmonsters:mutant_snow_golem_spawn_egg":2,"minecraft:gravel":2,"ecologics:coconut_slice":10,"minecraft:birch_log":1,"create:vertical_gearbox":2,"create:large_cogwheel":7,"ironchest:crystal_chest":56,"minecraft:bone_meal":426,"supplementaries:wind_vane":1,"refurbished_furniture:oak_bath":1,"sophisticatedbackpacks:iron_backpack":1,"ecologics:crab_claw":4,"minecraft:flint_and_steel":404,"create:item_vault":78,"minecraft:armor_stand":7,"farmersdelight:rich_soil":1,"minecraft:mangrove_fence":36,"minecraft:netherrack":17,"minecraft:stick":12,"minecraft:torch":57,"minecraft:dirt":143,"minecraft:cobblestone_wall":1,"minecraft:golden_shovel":10,"minecraft:spruce_fence":18,"mowziesmobs:wrought_helmet":4,"create:chute":3,"minecraft:birch_door":1,"minecraft:stone_brick_slab":1,"aquaculture:iron_fishing_rod":3,"create:gearbox":6,"minecraft:iron_axe":82,"minecraft:oak_stairs":2,"mowziesmobs:geomancer_belt":2,"minecraft:iron_boots":1,"refurbished_furniture:oak_desk":2,"create:encased_chain_drive":4,"minecraft:basalt":36,"minecraft:gunpowder":2,"minecraft:deepslate_tile_stairs":45,"supplementaries:bunting_purple":34,"torchmaster:megatorch":9,"waystones:deepslate_waystone":1,"minecraft:cobbled_deepslate":6,"create:belt_connector":38,"selfexpression:skull_helmet":1,"minecraft:calcite":11,"minecraft:water_bucket":28,"minecraft:cobblestone_stairs":20,"farmersdelight:skillet":19,"minecraft:birch_planks":63,"minecraft:birch_boat":2,"mowziesmobs:gong":2,"minecraft:cherry_planks":4,"minecraft:spruce_fence_gate":1,"minecraft:stonecutter":1,"selfexpression:official_boots":1,"create:encased_fan":6,"create:brass_funnel":2,"minecraft:oak_slab":2,"minecraft:crafting_table":5,"minecraft:red_bed":10,"minecraft:spruce_log":6,"mowziesmobs:wrought_axe":2,"minecraft:oak_log":10,"minecraft:wooden_hoe":7,"minecraft:diamond_pickaxe":244,"farmersdelight:apple_cider":1,"supplementaries:cage":6,"create:mechanical_press":5,"mowziesmobs:geomancer_sandals":2,"minecraft:iron_pickaxe":1,"minecraft:stone_slab":36,"supplementaries:awning_red":16,"supplementaries:fire_pit":3,"supplementaries:checker_slab":36,"supplementaries:rope":14,"create:large_water_wheel":3,"mowziesmobs:sol_visage":1,"mutantmonsters:mutant_zombie_spawn_egg":1,"minecraft:cobblestone":577,"minecraft:potion":1,"minecraft:porkchop":2,"vanillaplustools:iron_hammer":1530,"minecraft:bucket":18,"create:hand_crank":4,"minecraft:stripped_oak_log":20,"minecraft:candle":1},"minecraft:mined":{"supplementaries:cannon":1,"minecraft:spruce_planks":8,"minecraft:white_bed":1,"minecraft:cobbled_deepslate_stairs":1,"minecraft:cobblestone_stairs":4,"create:andesite_casing":30,"minecraft:sculk_vein":1,"minecraft:granite":73,"minecraft:budding_amethyst":3,"minecraft:stone_brick_wall":1,"minecraft:acacia_log":1,"minecraft:grass_block":272,"create:item_vault":67,"minecraft:white_concrete":2,"minecraft:soul_soil":5,"minecraft:diorite_stairs":1,"create:belt":10,"ironchest:crystal_chest":1,"minecraft:tall_seagrass":9,"minecraft:iron_ore":19,"minecraft:cobbled_deepslate":1,"minecraft:fire":9,"minecraft:moss_carpet":1,"minecraft:deepslate_lapis_ore":10,"minecraft:azure_bluet":2,"minecraft:sculk_shrieker":1,"minecraft:red_tulip":1,"supplementaries:stick":2,"minecraft:polished_deepslate_slab":1,"minecraft:dirt_path":2,"minecraft:oak_stairs":3,"minecraft:pink_tulip":2,"minecraft:spruce_wood":2,"create:mechanical_press":3,"minecraft:spruce_slab":42,"minecraft:deepslate_redstone_ore":19,"create:cogwheel":23,"lootr:lootr_chest":2,"minecraft:red_bed":2,"minecraft:blackstone":155,"minecraft:kelp_plant":14,"minecraft:crimson_nylium":5,"minecraft:clay":74,"diagonalfences:minecraft/oak_fence":10,"minecraft:blast_furnace":1,"minecraft:calcite":20,"minecraft:glass":2,"farmersdelight:safety_net":4,"minecraft:cobblestone":57,"minecraft:nether_quartz_ore":73,"minecraft:oak_planks":23,"minecraft:sugar_cane":2,"minecraft:wall_torch":1,"minecraft:amethyst_block":9,"minecraft:deepslate_copper_ore":5,"supplementaries:checker_slab":4,"minecraft:seagrass":10,"create:andesite_belt_funnel":4,"supplementaries:fire_pit":1,"ecologics:seashell":1,"minecraft:birch_log":29,"minecraft:lilac":1,"minecraft:tnt":2,"minecraft:orange_tulip":1,"minecraft:birch_door":1,"minecraft:black_bed":3,"minecraft:stone_brick_stairs":2,"minecraft:oak_log":39,"create:hand_crank":2,"minecraft:dirt":268,"mowziesmobs:gong":1,"minecraft:sand":232,"supplementaries:rope_buntings":9,"minecraft:smooth_basalt":3,"minecraft:netherrack":2821,"minecraft:oak_leaves":682,"minecraft:deepslate":849,"create:brass_funnel":1,"minecraft:nether_gold_ore":9,"minecraft:tuff":572,"minecraft:deepslate_diamond_ore":21,"minecraft:oak_door":3,"ribbits:mossy_oak_planks_slab":1,"minecraft:cherry_sapling":13,"torchmaster:megatorch":1,"minecraft:nether_bricks":47,"minecraft:glow_lichen":2,"gravestone:gravestone":27,"minecraft:allium":2,"minecraft:spruce_fence":1,"create:large_cogwheel":3,"create:encased_fan":3,"minecraft:birch_slab":1,"minecraft:moss_block":2,"supplementaries:rope":4,"minecraft:redstone_ore":5,"create:shaft":12,"minecraft:snow":12,"minecraft:suspicious_sand":1,"minecraft:andesite":168,"minecraft:stripped_spruce_log":8,"supplementaries:gunpowder":2,"supplementaries:bunting_wall_purple":2,"minecraft:nether_brick_fence":6,"minecraft:polished_deepslate":4,"minecraft:deepslate_iron_ore":18,"minecraft:lantern":1,"crittersandcompanions:silk_cocoon":2,"minecraft:bamboo":1,"minecraft:white_tulip":11,"minecraft:stone":3778,"sophisticatedbackpacks:backpack":1,"create:analog_lever":1,"minecraft:podzol":1,"minecraft:oak_slab":46,"minecraft:acacia_leaves":19,"minecraft:cherry_planks":4,"minecraft:soul_sand":52,"minecraft:lily_of_the_valley":1,"minecraft:crafting_table":1,"minecraft:basalt":722,"supplementaries:ashen_basalt":1,"supplementaries:awning_red":10,"minecraft:cornflower":1,"minecraft:short_grass":45,"ecologics:walnut_leaves":2,"minecraft:copper_ore":33,"minecraft:tall_grass":9,"minecraft:deepslate_gold_ore":75,"minecraft:diorite":128,"minecraft:blue_bed":2,"minecraft:sculk":7,"supplementaries:cage":1,"supplementaries:urn":23,"create:water_wheel_structure":2,"minecraft:birch_planks":62,"supplementaries:bunting_purple":1,"minecraft:cobblestone_wall":5,"minecraft:stripped_spruce_wood":8,"create:gearbox":4,"minecraft:spruce_log":3,"minecraft:gray_bed":1,"minecraft:birch_leaves":147,"diagonalfences:minecraft/mangrove_fence":2,"create:mechanical_drill":1,"minecraft:coal_ore":109,"minecraft:gravel":5,"minecraft:dripstone_block":39,"minecraft:spruce_fence_gate":2,"minecraft:stone_bricks":220,"create:andesite_funnel":2,"minecraft:fern":1},"minecraft:crafted":{"minecraft:oak_planks":64,"minecraft:barrel":27,"minecraft:birch_slab":54,"minecraft:birch_boat":1,"minecraft:cobblestone_stairs":28,"minecraft:stone":11,"create:item_vault":25,"farmersdelight:safety_net":3,"minecraft:glass":78,"create:andesite_funnel":6,"minecraft:stone_brick_slab":2,"create:mechanical_press":1,"minecraft:birch_fence_gate":5,"create:cogwheel":11,"minecraft:crafting_table":3,"ecologics:sandcastle":1,"minecraft:birch_planks":52,"create:encased_chain_drive":8,"minecraft:diorite":64,"create:gearbox":2,"create:encased_fan":3,"create:water_wheel":1,"minecraft:stick":32,"minecraft:iron_ingot":107,"minecraft:iron_block":1,"create:large_cogwheel":3,"create:propeller":3,"create:chute":4,"minecraft:iron_nugget":279,"minecraft:bone_meal":576,"create:belt_connector":10,"create:analog_lever":1,"minecraft:coal_block":8,"create:andesite_alloy":64,"create:hand_crank":1,"minecraft:dried_kelp":64,"create:large_water_wheel":1,"minecraft:bucket":5,"minecraft:air":0,"supplementaries:bubble_blower":1,"create:mechanical_drill":7,"create:shaft":32,"minecraft:andesite":128,"minecraft:acacia_planks":4,"minecraft:clay":71},"minecraft:dropped":{"minecraft:crimson_nylium":4,"minecraft:soul_sand":46,"minecraft:short_grass":3,"minecraft:birch_planks":4,"minecraft:diamond_axe":1,"minecraft:oak_log":8,"minecraft:glass_bottle":1,"mowziesmobs:ice_crystal":2,"minecraft:orange_tulip":2,"minecraft:cracked_stone_bricks":64,"minecraft:saddle":1,"minecraft:flint":4,"minecraft:deepslate_tile_stairs":1,"minecraft:dirt":49,"minecraft:cornflower":1,"minecraft:cooked_cod":1,"minecraft:snowball":36,"gravestone:obituary":21,"farmersdelight:onion":4,"minecraft:sand":18,"vanillaplustools:iron_hammer":6,"minecraft:bone":20,"minecraft:gold_ingot":3,"minecraft:oak_door":2,"minecraft:gravel":5,"minecraft:white_tulip":32,"minecraft:blackstone":11,"mowziesmobs:umvuthana_mask_rage":2,"minecraft:golden_chestplate":1,"minecraft:cobbled_deepslate":333,"minecraft:birch_sapling":1,"minecraft:obsidian":2,"selfexpression:official_boots":1,"minecraft:cherry_sapling":4,"mowziesmobs:geomancer_beads":1,"minecraft:rotten_flesh":7,"minecraft:oak_planks":10,"minecraft:azure_bluet":2,"minecraft:nether_brick_fence":2,"selfexpression:hacker_helmet":2,"minecraft:carrot":1,"minecraft:mangrove_fence":2,"minecraft:gunpowder":70,"ecologics:coconut_husk":11,"minecraft:acacia_sapling":1,"minecraft:chest":2,"minecraft:spruce_wood":2,"farmersdelight:rope":19,"minecraft:spruce_slab":18,"minecraft:basalt":243,"minecraft:arrow":3,"refurbished_furniture:workbench":1,"minecraft:oak_leaves":568,"minecraft:netherrack":448,"selfexpression:official_chestplate":2,"mowziesmobs:bluff_rod":2,"farmersdelight:tomato_seeds":8,"minecraft:iron_ingot":117,"minecraft:stripped_spruce_log":1,"minecraft:oak_slab":4,"minecraft:birch_leaves":72,"minecraft:wheat_seeds":9,"crittersandcompanions:shima_enaga_spawn_egg":1,"minecraft:feather":4,"minecraft:cobblestone":151,"ecologics:crab_claw":1,"minecraft:granite":4,"vanillaplustools:iron_shovel":2,"minecraft:deepslate_tile_slab":4,"mowziesmobs:geomancer_belt":1,"minecraft:golden_apple":11,"mowziesmobs:wrought_axe":1,"minecraft:coal":4,"minecraft:stick":11,"mowziesmobs:sol_visage":1,"mowziesmobs:mob_remover":2,"minecraft:diorite":4,"minecraft:white_concrete":2,"minecraft:iron_leggings":1,"minecraft:string":6,"minecraft:acacia_planks":2,"minecraft:soul_soil":10,"create:shaft":1,"minecraft:raw_copper":2,"minecraft:tuff":80,"farmersdelight:cabbage_seeds":2,"minecraft:iron_boots":1,"sophisticatedbackpacks:backpack":3,"minecraft:nether_bricks":23,"minecraft:spruce_fence":1,"minecraft:acacia_leaves":1,"supplementaries:bamboo_spikes_tipped":1,"crittersandcompanions:silk":5,"supplementaries:cage":1,"minecraft:lily_of_the_valley":2,"minecraft:filled_map":2,"torchmaster:megatorch":2,"minecraft:stone":64,"minecraft:allium":8,"mowziesmobs:umvuthana_mask_misery":2,"minecraft:spruce_planks":7,"minecraft:iron_chestplate":1,"minecraft:oak_sapling":11,"supplementaries:bubble_blower":1,"minecraft:spider_eye":3,"minecraft:stone_bricks":1473,"minecraft:bamboo":4,"explorerscompass:explorerscompass":2,"minecraft:diamond_boots":1,"minecraft:nether_quartz_ore":8,"minecraft:calcite":19,"minecraft:stripped_spruce_wood":7,"mutantmonsters:mutant_skeleton_skull":1},"minecraft:custom":{"lootr:looted_stat":70,"minecraft:interact_with_crafting_table":60,"minecraft:open_barrel":6,"minecraft:bell_ring":1,"minecraft:eat_cake_slice":1,"minecraft:leave_game":22,"minecraft:time_since_death":289695,"minecraft:damage_resisted":4,"minecraft:sprint_one_cm":2651301,"minecraft:drop":422,"minecraft:talked_to_villager":19,"minecraft:play_time":1376329,"minecraft:deaths":33,"minecraft:jump":21020,"minecraft:walk_on_water_one_cm":88749,"minecraft:interact_with_furnace":44,"minecraft:sleep_in_bed":39,"minecraft:damage_dealt":28133,"minecraft:player_kills":4,"minecraft:crouch_one_cm":207443,"waystones:waystone_activated":5,"minecraft:interact_with_smoker":2,"minecraft:interact_with_smithing_table":2,"minecraft:mob_kills":83,"minecraft:damage_dealt_resisted":157,"minecraft:climb_one_cm":18037,"minecraft:walk_one_cm":2851033,"minecraft:damage_dealt_absorbed":96,"minecraft:sneak_time":72960,"minecraft:walk_under_water_one_cm":39243,"minecraft:boat_one_cm":114563,"minecraft:interact_with_lectern":9,"minecraft:interact_with_blast_furnace":8,"minecraft:total_world_time":1376329,"minecraft:interact_with_stonecutter":6,"minecraft:time_since_rest":41309,"minecraft:damage_taken":20445,"minecraft:damage_absorbed":799,"minecraft:minecart_one_cm":2416,"minecraft:swim_one_cm":220322,"minecraft:fly_one_cm":4353232,"minecraft:open_chest":174,"minecraft:fish_caught":1,"minecraft:fall_one_cm":620719},"minecraft:picked_up":{"minecraft:iron_chestplate":1,"minecraft:birch_door":1,"minecraft:nether_brick_fence":6,"minecraft:oak_stairs":3,"minecraft:stone_brick_stairs":2,"mutantmonsters:mutant_skeleton_skull":1,"minecraft:string":5,"minecraft:soul_soil":10,"minecraft:raw_copper":30,"minecraft:iron_leggings":1,"minecraft:armor_stand":4,"create:andesite_funnel":6,"minecraft:cobbled_deepslate":307,"create:mechanical_press":3,"minecraft:bucket":1,"minecraft:spruce_planks":7,"minecraft:white_tulip":61,"minecraft:calcite":13,"ecologics:crab_claw":1,"minecraft:iron_boots":1,"minecraft:stick":17,"ironchest:crystal_chest":1,"explorerscompass:explorerscompass":1,"minecraft:oak_fence":10,"mowziesmobs:sol_visage":1,"minecraft:torch":21,"minecraft:acacia_log":1,"vanillaplustools:iron_shovel":1,"create:andesite_casing":30,"minecraft:porkchop":2,"minecraft:diorite":15,"minecraft:deepslate_tile_stairs":1,"minecraft:golden_chestplate":1,"mutantmonsters:mutant_skeleton_pelvis":1,"create:large_cogwheel":6,"minecraft:rotten_flesh":18,"minecraft:red_tulip":1,"farmersdelight:rope":14,"supplementaries:ash":1,"mutantmonsters:mutant_skeleton_shoulder_pad":2,"minecraft:obsidian":1,"minecraft:snowball":51,"minecraft:cobblestone":967,"mowziesmobs:gong":1,"minecraft:birch_log":15,"minecraft:feather":5,"minecraft:water_bucket":1,"minecraft:cherry_planks":4,"minecraft:birch_slab":1,"minecraft:andesite":26,"minecraft:acacia_leaves":1,"farmersdelight:safety_net":4,"create:belt_connector":10,"minecraft:flint":4,"minecraft:tuff":223,"minecraft:stripped_spruce_wood":10,"minecraft:wither_skeleton_skull":1,"minecraft:lapis_lazuli":163,"minecraft:dirt":623,"supplementaries:bunting_purple":20,"minecraft:lantern":8,"create:encased_chain_drive":8,"minecraft:mangrove_fence":4,"minecraft:bone":26,"create:mechanical_drill":1,"minecraft:wheat_seeds":16,"minecraft:orange_tulip":2,"minecraft:deepslate_brick_slab":1,"minecraft:raw_gold":129,"create:shaft":19,"minecraft:bamboo":4,"minecraft:moss_block":2,"minecraft:oak_planks":42,"aquaculture:atlantic_herring":1,"ecologics:prickly_pear":1,"create:cogwheel":29,"mowziesmobs:earthrend_gauntlet":1,"torchmaster:megatorch":2,"minecraft:sand":227,"ecologics:coconut_husk":1,"minecraft:stripped_spruce_log":9,"minecraft:grass_block":3,"minecraft:lily_of_the_valley":1,"minecraft:spruce_fence_gate":2,"minecraft:diamond":34,"waystones:waystone":1,"supplementaries:bubble_blower":1,"supplementaries:cannon":2,"minecraft:granite":17,"minecraft:bone_meal":1,"minecraft:golden_apple":1,"minecraft:white_concrete":4,"minecraft:emerald":17,"minecraft:oak_sapling":18,"minecraft:netherrack":850,"minecraft:oak_leaves":580,"minecraft:crafting_table":2,"selfexpression:hacker_helmet":2,"minecraft:allium":12,"minecraft:azure_bluet":4,"minecraft:clay_ball":284,"ecologics:seashell":1,"minecraft:stone_brick_wall":1,"ribbits:mossy_oak_planks_slab":1,"gravestone:obituary":8,"mowziesmobs:bluff_rod":5,"minecraft:cornflower":1,"minecraft:red_bed":2,"minecraft:moss_carpet":1,"minecraft:blackstone":14,"minecraft:cracked_stone_bricks":64,"minecraft:candle":1,"create:brass_funnel":1,"minecraft:beef":2,"minecraft:spruce_slab":48,"supplementaries:cage":1,"supplementaries:rope":12,"minecraft:sugar_cane":3,"minecraft:chest":3,"minecraft:birch_sapling":2,"minecraft:egg":2,"minecraft:copper_ore":16,"minecraft:raw_iron":70,"minecraft:sandstone":2,"minecraft:stone":2110,"minecraft:oak_door":3,"ecologics:coconut_slice":10,"minecraft:spruce_fence":5,"sophisticatedbackpacks:backpack":4,"farmersdelight:tomato_seeds":5,"create:hand_crank":3,"minecraft:carrot":8,"minecraft:redstone":99,"create:vertical_gearbox":2,"mowziesmobs:umvuthana_mask_faith":1,"refurbished_furniture:crimson_storage_jar":1,"minecraft:arrow":6,"minecraft:nether_bricks":43,"minecraft:diamond_boots":1,"crittersandcompanions:silk":5,"mowziesmobs:ice_crystal":3,"minecraft:pink_tulip":3,"selfexpression:official_chestplate":2,"mutantmonsters:mutant_skeleton_rib":6,"minecraft:white_wool":1,"create:iron_sheet":57,"farmersdelight:rich_soil":1,"minecraft:birch_leaves":75,"minecraft:basalt":509,"minecraft:leather":2,"minecraft:birch_planks":60,"minecraft:cobblestone_stairs":1,"minecraft:oak_log":43,"minecraft:cobblestone_wall":5,"minecraft:cobbled_deepslate_stairs":1,"minecraft:gunpowder":89,"mowziesmobs:wrought_axe":1,"minecraft:deepslate_tile_slab":4,"mutantmonsters:mutant_skeleton_limb":8,"minecraft:diorite_stairs":1,"minecraft:blue_bed":3,"vanillaplustools:iron_hammer":4,"create:item_vault":67,"supplementaries:cannonball":114,"minecraft:stone_bricks":206,"mowziesmobs:umvuthana_mask_rage":3,"minecraft:kelp":119,"minecraft:iron_ingot":60,"minecraft:rabbit_hide":3,"minecraft:spruce_wood":2,"create:analog_lever":1,"minecraft:iron_ore":3,"minecraft:gray_bed":1,"mowziesmobs:umvuthana_mask_misery":1,"minecraft:acacia_sapling":1,"minecraft:soul_sand":46,"minecraft:oak_slab":52,"create:large_water_wheel":3,"minecraft:nether_quartz_ore":8,"minecraft:birch_boat":1,"minecraft:quartz":65,"minecraft:gravel":23,"mowziesmobs:wrought_helmet":1,"minecraft:blast_furnace":1,"minecraft:white_bed":1,"minecraft:spruce_log":2,"minecraft:spider_eye":5,"create:gearbox":5,"minecraft:coal_ore":35,"create:encased_fan":3,"supplementaries:awning_red":10,"minecraft:short_grass":3,"supplementaries:checker_slab":6,"minecraft:iron_helmet":4,"minecraft:diamond_axe":1,"minecraft:cherry_sapling":12,"ribbits:umbrella_leaf":1,"minecraft:crimson_nylium":4,"minecraft:coal":68,"minecraft:ender_pearl":2},"minecraft:killed_by":{"mutantmonsters:mutant_zombie":1,"minecraft:wither_skeleton":2,"minecraft:creeper":2,"mutantmonsters:mutant_creeper":1,"minecraft:blaze":1,"minecraft:zombie":3,"minecraft:player":2,"mowziesmobs:bluff":2,"mowziesmobs:ferrous_wroughtnaut":2,"mutantmonsters:mutant_skeleton":1,"mowziesmobs:sculptor":4},"minecraft:broken":{"minecraft:shears":3,"vanillaplustools:iron_hammer":3,"minecraft:flint_and_steel":2,"minecraft:shield":2},"minecraft:killed":{"mowziesmobs:bluff":10,"mowziesmobs:umvuthi":1,"minecraft:spider":4,"crittersandcompanions:leaf_insect":1,"mowziesmobs:frostmaw":1,"minecraft:skeleton":10,"mowziesmobs:umvuthana_crane_player":1,"mowziesmobs:umvuthana_crane":5,"minecraft:magma_cube":2,"minecraft:piglin":1,"minecraft:pig":1,"minecraft:zombie_villager":1,"mutantmonsters:mutant_skeleton":1,"minecraft:creeper":1,"minecraft:pillager":1,"minecraft:zombie":16,"ecologics:penguin":2,"mutantmonsters:mutant_creeper":1,"minecraft:blaze":1,"mowziesmobs:naga":1,"mutantmonsters:mutant_snow_golem":1,"mowziesmobs:umvuthana":4,"mowziesmobs:grottol":2,"minecraft:wither_skeleton":13,"minecraft:player":3,"minecraft:enderman":1}},"DataVersion":3955}