{"stats":{"minecraft:killed":{"minecraft:cave_spider":2,"minecraft:pig":2,"minecraft:spider":2,"minecraft:horse":8,"minecraft:skeleton":4,"minecraft:zombie":4,"minecraft:villager":1,"minecraft:cow":10},"minecraft:crafted":{"minecraft:cooked_beef":12,"minecraft:oak_planks":36,"minecraft:crafting_table":2,"minecraft:wooden_pickaxe":1,"ecologics:walnut_planks":16,"minecraft:furnace":1,"minecraft:bucket":1,"minecraft:air":0,"minecraft:iron_axe":1,"minecraft:stick":20,"minecraft:iron_ingot":9,"minecraft:iron_pickaxe":1,"minecraft:stone_pickaxe":1,"minecraft:wooden_axe":1,"minecraft:stone_sword":1,"minecraft:torch":24},"minecraft:used":{"minecraft:water_bucket":18,"minecraft:stone_sword":41,"minecraft:stone_pickaxe":64,"minecraft:wooden_pickaxe":3,"minecraft:torch":37,"minecraft:dirt":4,"minecraft:crafting_table":6,"supplementaries:bomb":1,"minecraft:carrot":7,"minecraft:wooden_axe":37,"minecraft:iron_axe":13,"minecraft:iron_pickaxe":41,"minecraft:golden_sword":34,"minecraft:cobblestone":14,"minecraft:beef":2,"minecraft:furnace":2,"minecraft:bucket":19,"minecraft:andesite":1,"minecraft:cooked_beef":10,"minecraft:cobbled_deepslate":2},"minecraft:dropped":{"farmersdelight:cabbage_seeds":16,"minecraft:oak_fence":4,"minecraft:rotten_flesh":4,"minecraft:oak_planks":8,"minecraft:iron_horse_armor":1,"minecraft:rail":52,"minecraft:pumpkin_seeds":8,"farmersdelight:rice":8,"supplementaries:ash":1,"supplementaries:rope":10,"ecologics:walnut":1,"minecraft:diorite":10,"minecraft:melon_seeds":16,"minecraft:andesite":1,"farmersdelight:rope":36,"gravestone:obituary":2,"minecraft:spider_eye":2,"minecraft:powered_rail":6,"minecraft:iron_pickaxe":1,"minecraft:string":8,"minecraft:bone":3},"minecraft:mined":{"minecraft:deepslate_diamond_ore":6,"minecraft:oak_fence":2,"minecraft:crafting_table":5,"gravestone:gravestone":1,"minecraft:short_grass":10,"minecraft:grass_block":2,"minecraft:cobblestone":4,"minecraft:oak_planks":3,"minecraft:diorite":5,"minecraft:wall_torch":3,"supplementaries:urn":5,"minecraft:furnace":2,"minecraft:carrots":2,"minecraft:iron_ore":14,"minecraft:fire":11,"minecraft:andesite":1,"minecraft:pointed_dripstone":8,"minecraft:oak_log":11,"minecraft:coal_ore":15,"minecraft:gravel":1,"minecraft:dirt":2,"minecraft:cobweb":4,"ecologics:walnut_log":4,"minecraft:stone":24,"sophisticatedbackpacks:backpack":1,"minecraft:gold_ore":10,"minecraft:deepslate":3},"minecraft:custom":{"lootr:looted_stat":6,"minecraft:interact_with_furnace":17,"minecraft:mob_kills":34,"minecraft:interact_with_crafting_table":13,"minecraft:leave_game":2,"minecraft:time_since_death":33882,"minecraft:sleep_in_bed":1,"minecraft:climb_one_cm":135,"minecraft:time_since_rest":33910,"minecraft:sprint_one_cm":207240,"minecraft:damage_taken":1225,"minecraft:walk_one_cm":95899,"minecraft:drop":36,"minecraft:damage_dealt":5284,"minecraft:swim_one_cm":12260,"minecraft:fly_one_cm":209291,"minecraft:crouch_one_cm":8713,"minecraft:play_time":44350,"minecraft:deaths":1,"minecraft:sneak_time":3282,"minecraft:walk_under_water_one_cm":8504,"minecraft:jump":1214,"minecraft:walk_on_water_one_cm":10126,"minecraft:total_world_time":44350,"minecraft:fall_one_cm":43134},"minecraft:broken":{"minecraft:golden_sword":1,"minecraft:wooden_axe":1},"minecraft:picked_up":{"minecraft:crafting_table":5,"ecologics:walnut":2,"farmersdelight:rice":6,"minecraft:andesite":2,"minecraft:leather":22,"minecraft:oak_log":9,"supplementaries:flax_seeds":3,"gravestone:obituary":1,"minecraft:string":18,"minecraft:dirt":4,"vanillaplustools:iron_hammer":1,"minecraft:bone":10,"minecraft:bow":1,"minecraft:cobbled_deepslate":6,"minecraft:raw_gold":10,"minecraft:beef":16,"minecraft:iron_pickaxe":1,"minecraft:powered_rail":3,"supplementaries:rope":5,"minecraft:oak_planks":3,"farmersdelight:cabbage_seeds":8,"minecraft:furnace":2,"minecraft:raw_iron":16,"ecologics:walnut_log":4,"minecraft:oak_fence":4,"minecraft:torch":12,"sophisticatedbackpacks:backpack":1,"minecraft:porkchop":5,"minecraft:pointed_dripstone":26,"minecraft:diorite":10,"minecraft:carrot":7,"minecraft:spider_eye":2,"minecraft:pumpkin_seeds":4,"minecraft:arrow":2,"minecraft:rotten_flesh":5,"minecraft:diamond":6,"farmersdelight:rope":18,"supplementaries:ash":5,"minecraft:melon_seeds":8,"minecraft:coal":15,"minecraft:rail":29,"minecraft:cobblestone":27},"minecraft:killed_by":{"minecraft:creeper":1}},"DataVersion":3955}