{"stats":{"minecraft:killed":{"minecraft:cave_spider":2,"minecraft:pig":2,"minecraft:spider":2,"minecraft:horse":8,"minecraft:skeleton":3,"minecraft:zombie":2,"minecraft:villager":1,"minecraft:cow":10},"minecraft:crafted":{"minecraft:cooked_beef":12,"minecraft:oak_planks":12,"minecraft:crafting_table":2,"minecraft:wooden_pickaxe":1,"ecologics:walnut_planks":16,"minecraft:furnace":1,"minecraft:bucket":1,"minecraft:air":0,"minecraft:stick":12,"minecraft:iron_ingot":5,"minecraft:stone_pickaxe":1,"minecraft:wooden_axe":1,"minecraft:stone_sword":1,"minecraft:torch":20},"minecraft:used":{"minecraft:stone_sword":29,"minecraft:stone_pickaxe":64,"minecraft:wooden_pickaxe":3,"minecraft:torch":23,"minecraft:dirt":4,"minecraft:crafting_table":5,"supplementaries:bomb":1,"minecraft:carrot":7,"minecraft:wooden_axe":37,"minecraft:golden_sword":34,"minecraft:cobblestone":9,"minecraft:beef":2,"minecraft:furnace":2,"minecraft:bucket":1,"minecraft:andesite":1,"minecraft:cooked_beef":6},"minecraft:dropped":{"farmersdelight:cabbage_seeds":16,"minecraft:oak_fence":2,"minecraft:rotten_flesh":4,"minecraft:iron_horse_armor":1,"minecraft:rail":26,"minecraft:pumpkin_seeds":4,"farmersdelight:rice":6,"supplementaries:ash":1,"supplementaries:rope":5,"ecologics:walnut":1,"minecraft:diorite":5,"minecraft:melon_seeds":8,"minecraft:andesite":1,"farmersdelight:rope":18,"gravestone:obituary":1,"minecraft:spider_eye":1,"minecraft:powered_rail":3,"minecraft:string":8,"minecraft:bone":3},"minecraft:mined":{"minecraft:oak_fence":2,"minecraft:crafting_table":3,"gravestone:gravestone":1,"minecraft:short_grass":10,"minecraft:grass_block":2,"minecraft:cobblestone":4,"minecraft:oak_planks":3,"minecraft:diorite":5,"minecraft:wall_torch":1,"minecraft:furnace":1,"minecraft:carrots":2,"minecraft:iron_ore":14,"minecraft:fire":11,"minecraft:andesite":1,"minecraft:oak_log":3,"minecraft:coal_ore":8,"minecraft:gravel":1,"minecraft:dirt":2,"minecraft:cobweb":4,"ecologics:walnut_log":4,"minecraft:stone":22,"sophisticatedbackpacks:backpack":1},"minecraft:custom":{"lootr:looted_stat":4,"minecraft:interact_with_furnace":14,"minecraft:mob_kills":31,"minecraft:interact_with_crafting_table":10,"minecraft:leave_game":1,"minecraft:time_since_death":20755,"minecraft:sleep_in_bed":1,"minecraft:climb_one_cm":135,"minecraft:time_since_rest":20783,"minecraft:sprint_one_cm":150386,"minecraft:damage_taken":920,"minecraft:walk_one_cm":73382,"minecraft:drop":23,"minecraft:damage_dealt":4633,"minecraft:swim_one_cm":6283,"minecraft:fly_one_cm":150030,"minecraft:crouch_one_cm":5974,"minecraft:play_time":31223,"minecraft:deaths":1,"minecraft:sneak_time":2238,"minecraft:walk_under_water_one_cm":337,"minecraft:jump":819,"minecraft:walk_on_water_one_cm":4941,"minecraft:total_world_time":31223,"minecraft:fall_one_cm":26613},"minecraft:broken":{"minecraft:golden_sword":1,"minecraft:wooden_axe":1},"minecraft:picked_up":{"minecraft:crafting_table":3,"ecologics:walnut":1,"farmersdelight:rice":4,"minecraft:andesite":2,"minecraft:leather":22,"minecraft:oak_log":3,"minecraft:string":9,"minecraft:dirt":4,"minecraft:bone":4,"minecraft:bow":1,"minecraft:beef":16,"minecraft:oak_planks":3,"farmersdelight:cabbage_seeds":8,"minecraft:furnace":1,"minecraft:raw_iron":14,"ecologics:walnut_log":4,"minecraft:oak_fence":2,"minecraft:torch":3,"sophisticatedbackpacks:backpack":1,"minecraft:porkchop":5,"minecraft:diorite":10,"minecraft:carrot":7,"minecraft:spider_eye":2,"minecraft:rotten_flesh":4,"supplementaries:ash":1,"minecraft:coal":8,"minecraft:rail":3,"minecraft:cobblestone":25},"minecraft:killed_by":{"minecraft:creeper":1}},"DataVersion":3955}