{"stats":{"minecraft:custom":{"lootr:looted_stat":107,"minecraft:interact_with_crafting_table":41,"minecraft:open_barrel":7,"minecraft:leave_game":5,"minecraft:time_since_death":72708,"minecraft:damage_resisted":2,"minecraft:sprint_one_cm":1284785,"minecraft:drop":194,"minecraft:talked_to_villager":3,"minecraft:play_time":464757,"minecraft:deaths":10,"minecraft:jump":5748,"minecraft:interact_with_brewingstand":1,"minecraft:walk_on_water_one_cm":42706,"minecraft:interact_with_furnace":32,"minecraft:sleep_in_bed":14,"minecraft:damage_dealt":4974,"minecraft:crouch_one_cm":26543,"waystones:waystone_activated":9,"minecraft:interact_with_smoker":9,"minecraft:use_cauldron":1,"minecraft:horse_one_cm":271163,"minecraft:mob_kills":18,"minecraft:fill_cauldron":1,"minecraft:damage_dealt_resisted":145,"minecraft:climb_one_cm":12567,"minecraft:walk_one_cm":850361,"minecraft:damage_dealt_absorbed":24,"minecraft:sneak_time":10676,"minecraft:walk_under_water_one_cm":50359,"minecraft:boat_one_cm":176534,"minecraft:interact_with_blast_furnace":12,"minecraft:total_world_time":464757,"minecraft:time_since_rest":54760,"minecraft:damage_taken":9045,"minecraft:damage_absorbed":200,"minecraft:swim_one_cm":326429,"minecraft:fly_one_cm":2092882,"minecraft:open_chest":40,"minecraft:fish_caught":1,"minecraft:fall_one_cm":193178},"minecraft:picked_up":{"minecraft:birch_door":1,"minecraft:iron_chestplate":1,"minecraft:stone_slab":1,"minecraft:oak_stairs":1,"minecraft:music_disc_cat":2,"minecraft:polished_deepslate":3,"minecraft:string":3,"minecraft:soul_soil":11,"minecraft:beetroot":2,"minecraft:deepslate_tiles":2,"minecraft:gold_nugget":22,"minecraft:spruce_planks":2,"minecraft:rose_bush":1,"minecraft:iron_pickaxe":3,"minecraft:melon_slice":6,"ecologics:crab_claw":2,"minecraft:furnace":1,"minecraft:stick":26,"explorerscompass:explorerscompass":2,"mowziesmobs:geomancer_belt":1,"mowziesmobs:sol_visage":1,"minecraft:torch":11,"supplementaries:bamboo_spikes_tipped":1,"minecraft:spruce_stairs":1,"minecraft:cauldron":1,"minecraft:cactus":2,"crittersandcompanions:dragonfly_wing":2,"minecraft:rotten_flesh":2,"farmersdelight:rope":10,"supplementaries:ash":4,"minecraft:stripped_birch_wood":1,"minecraft:snowball":24,"minecraft:iron_bars":1,"minecraft:cobblestone":24,"minecraft:birch_log":11,"minecraft:feather":11,"minecraft:magma_cream":1,"minecraft:water_bucket":1,"minecraft:andesite":36,"minecraft:jungle_log":2,"minecraft:black_bed":8,"minecraft:acacia_leaves":8,"minecraft:dark_oak_boat":1,"minecraft:potato":1,"supplementaries:flax_seeds":4,"supplementaries:bunting_purple":1,"minecraft:dirt":41,"lootr:trophy":1,"minecraft:lantern":1,"minecraft:bone":10,"supplementaries:goblet":3,"minecraft:bow":1,"minecraft:wheat_seeds":15,"minecraft:bamboo":10,"minecraft:moss_block":2,"aquaculture:atlantic_herring":1,"ecologics:prickly_pear":5,"minecraft:sand":17,"minecraft:spruce_fence_gate":1,"minecraft:golden_apple":11,"minecraft:oak_sapling":1,"minecraft:netherrack":1171,"minecraft:crafting_table":3,"selfexpression:hacker_helmet":1,"minecraft:clay_ball":44,"ecologics:seashell":3,"gravestone:obituary":18,"mowziesmobs:geomancer_beads":1,"supplementaries:statue":1,"minecraft:white_carpet":7,"selfexpression:official_boots":1,"minecraft:spruce_slab":10,"minecraft:sugar_cane":6,"supplementaries:rope":1,"minecraft:birch_sapling":2,"minecraft:raw_iron":4,"minecraft:sandstone":9,"minecraft:polished_deepslate_slab":1,"minecraft:stone":16,"ribbits:giant_lilypad":3,"ecologics:coconut_slice":6,"sophisticatedbackpacks:backpack":1,"farmersdelight:tomato_seeds":2,"minecraft:dark_oak_planks":4,"mowziesmobs:umvuthana_mask_faith":2,"minecraft:tnt":1,"refurbished_furniture:crimson_storage_jar":1,"minecraft:arrow":4,"minecraft:beetroot_seeds":6,"ribbits:swamp_lantern":4,"minecraft:nether_bricks":12,"crittersandcompanions:silk":5,"minecraft:hay_block":6,"selfexpression:official_chestplate":1,"minecraft:saddle":1,"minecraft:gold_ingot":3,"minecraft:birch_leaves":10,"minecraft:basalt":13,"minecraft:cut_sandstone":1,"minecraft:filled_map":1,"minecraft:birch_planks":3,"minecraft:oak_log":4,"minecraft:deepslate_tile_slab":14,"minecraft:stone_bricks":6,"mowziesmobs:umvuthana_mask_rage":8,"minecraft:kelp":1,"minecraft:iron_ingot":18,"minecraft:soul_sand":3,"mowziesmobs:umvuthana_mask_misery":6,"minecraft:gravel":3,"minecraft:white_bed":3,"minecraft:spruce_log":2,"minecraft:green_carpet":1,"minecraft:spider_eye":1,"mowziesmobs:naga_fang":1,"supplementaries:awning_red":1,"minecraft:short_grass":1,"minecraft:iron_helmet":1,"minecraft:diamond_axe":1,"ribbits:umbrella_leaf":2,"minecraft:melon_seeds":1,"minecraft:coal":6,"minecraft:crimson_nylium":1,"minecraft:mangrove_propagule":1,"minecraft:sunflower":1},"minecraft:crafted":{"minecraft:brick":20,"minecraft:smooth_stone":3,"minecraft:dark_oak_boat":1,"minecraft:stone":6,"minecraft:glass":3,"supplementaries:goblet":1,"vanillaplustools:iron_hammer":1,"minecraft:chest":2,"minecraft:bricks":4,"farmersdelight:stove":1,"minecraft:glass_bottle":3,"supplementaries:rope_arrow":2,"minecraft:wooden_shovel":1,"minecraft:crafting_table":3,"minecraft:spruce_planks":8,"minecraft:baked_potato":12,"ecologics:cooked_prickly_pear":3,"minecraft:campfire":1,"farmersdelight:beef_patty":4,"minecraft:stick":32,"minecraft:stone_slab":6,"minecraft:iron_ingot":4,"minecraft:iron_pickaxe":10,"minecraft:smooth_stone_slab":6,"minecraft:furnace":1,"supplementaries:statue":1,"minecraft:iron_axe":1,"minecraft:dark_oak_planks":80,"minecraft:wheat":54,"minecraft:cooked_beef":3,"minecraft:sugar":6,"minecraft:cooked_cod":7,"minecraft:cooked_salmon":20,"farmersdelight:cooking_pot":1,"minecraft:air":0,"minecraft:jungle_planks":8,"minecraft:clay":2},"minecraft:killed":{"minecraft:spider":2,"crittersandcompanions:leaf_insect":1,"minecraft:skeleton":2,"mowziesmobs:umvuthana_crane":1,"minecraft:creeper":1,"minecraft:zombie":2,"minecraft:blaze":2,"mowziesmobs:ferrous_wroughtnaut":1,"mowziesmobs:umvuthana":2,"minecraft:wither_skeleton":3},"minecraft:used":{"minecraft:beetroot":2,"minecraft:moss_block":2,"minecraft:spruce_slab":2,"farmersdelight:stove":1,"minecraft:chest":2,"lootr:trophy":2,"minecraft:iron_chestplate":1,"minecraft:soul_sand":3,"minecraft:nether_bricks":7,"minecraft:carrot":29,"minecraft:deepslate_tile_slab":12,"ecologics:prickly_pear":1,"minecraft:snowball":24,"minecraft:lantern":1,"minecraft:birch_sapling":2,"supplementaries:goblet":2,"refurbished_furniture:crimson_storage_jar":1,"minecraft:golden_sword":5,"mowziesmobs:geomancer_beads":1,"minecraft:bow":4,"minecraft:dark_oak_boat":2,"minecraft:oak_sapling":3,"minecraft:furnace":2,"minecraft:beetroot_seeds":6,"supplementaries:bamboo_spikes_tipped":1,"minecraft:potato":2,"farmersdelight:hamburger":1,"minecraft:short_grass":1,"minecraft:cactus":2,"minecraft:leather_chestplate":1,"minecraft:clay":1,"minecraft:diamond_axe":2,"minecraft:golden_apple":5,"minecraft:sand":13,"minecraft:blast_furnace":1,"minecraft:acacia_leaves":4,"minecraft:crossbow":1,"minecraft:black_bed":8,"minecraft:bread":104,"minecraft:melon_slice":6,"minecraft:string":1,"minecraft:gravel":2,"minecraft:golden_helmet":1,"ecologics:coconut_slice":6,"minecraft:fire_charge":2,"minecraft:smooth_stone_slab":5,"ribbits:swamp_lantern":4,"minecraft:golden_pickaxe":19,"minecraft:experience_bottle":4,"selfexpression:hacker_helmet":2,"minecraft:rose_bush":1,"minecraft:iron_bars":1,"ecologics:crab_claw":15,"minecraft:flint_and_steel":12,"minecraft:cooked_salmon":4,"minecraft:stripped_birch_wood":1,"minecraft:netherrack":117,"minecraft:stick":3,"minecraft:torch":19,"minecraft:dirt":19,"minecraft:white_carpet":4,"minecraft:spruce_stairs":1,"ecologics:seashell":3,"farmersdelight:rope":7,"minecraft:dark_oak_planks":33,"minecraft:oak_stairs":1,"minecraft:iron_axe":104,"ribbits:umbrella_leaf":1,"minecraft:melon_seeds":1,"minecraft:bamboo":1,"minecraft:basalt":13,"minecraft:soul_soil":6,"minecraft:goat_horn":125,"farmersdelight:cooking_pot":1,"supplementaries:statue":2,"farmersdelight:tomato_seeds":1,"minecraft:iron_leggings":1,"minecraft:water_bucket":30,"minecraft:birch_planks":3,"minecraft:baked_potato":9,"minecraft:cauldron":1,"minecraft:spruce_fence_gate":1,"minecraft:leather_boots":2,"selfexpression:official_boots":2,"minecraft:tnt":1,"minecraft:crafting_table":4,"supplementaries:bomb":6,"minecraft:white_bed":3,"minecraft:cod":4,"minecraft:apple":36,"minecraft:sunflower":1,"selfexpression:apron_chestplate":3,"minecraft:iron_pickaxe":86,"minecraft:suspicious_stew":1,"minecraft:stone_slab":7,"mowziesmobs:sol_visage":2,"minecraft:golden_leggings":1,"minecraft:green_carpet":1,"minecraft:fishing_rod":1,"minecraft:cobblestone":7,"minecraft:potion":1,"minecraft:bucket":31,"minecraft:candle":10},"minecraft:killed_by":{"minecraft:wither_skeleton":2,"minecraft:player":3,"mowziesmobs:ferrous_wroughtnaut":4},"minecraft:mined":{"minecraft:dark_oak_planks":4,"supplementaries:goblet":2,"minecraft:spruce_planks":4,"minecraft:white_bed":4,"farmersdelight:rich_soil":1,"ribbits:giant_lilypad":1,"minecraft:grass_block":10,"minecraft:jungle_log":2,"minecraft:soul_soil":6,"ecologics:prickly_pear":3,"minecraft:tall_seagrass":3,"minecraft:iron_ore":4,"minecraft:fire":3,"supplementaries:stick":3,"minecraft:oak_stairs":1,"minecraft:iron_bars":1,"minecraft:green_carpet":1,"minecraft:spruce_slab":2,"farmersdelight:wild_potatoes":1,"minecraft:cut_sandstone":1,"minecraft:deepslate_tile_slab":2,"minecraft:clay":9,"minecraft:calcite":1,"minecraft:melon":1,"minecraft:dead_bush":12,"supplementaries:wild_flax":2,"minecraft:cobblestone":5,"minecraft:sugar_cane":2,"minecraft:oak_planks":2,"minecraft:wall_torch":1,"minecraft:cauldron":1,"lootr:trophy":1,"ecologics:seashell":3,"minecraft:birch_log":10,"minecraft:tnt":1,"minecraft:birch_door":1,"minecraft:black_bed":6,"minecraft:oak_log":4,"minecraft:beetroots":1,"minecraft:sand":23,"minecraft:dirt":8,"minecraft:stripped_birch_wood":1,"minecraft:netherrack":4,"minecraft:oak_leaves":37,"minecraft:gray_stained_glass_pane":1,"gravestone:gravestone":8,"minecraft:nether_bricks":11,"farmersdelight:tomatoes":1,"ribbits:umbrella_leaf":2,"minecraft:moss_block":3,"minecraft:kelp":1,"minecraft:sandstone":12,"minecraft:hay_block":6,"minecraft:furnace":1,"minecraft:chiseled_sandstone":1,"minecraft:suspicious_sand":1,"minecraft:andesite":30,"minecraft:stripped_spruce_log":1,"farmersdelight:rope":5,"minecraft:lantern":1,"crittersandcompanions:silk_cocoon":5,"minecraft:bamboo":1,"minecraft:stone":15,"minecraft:acacia_leaves":4,"supplementaries:statue":1,"minecraft:soul_sand":1,"ecologics:thin_ice":1,"minecraft:crafting_table":2,"minecraft:short_grass":70,"ribbits:swamp_lantern":2,"refurbished_furniture:crimson_storage_jar":1,"minecraft:rose_bush":1,"minecraft:stone_slab":1,"minecraft:tall_grass":9,"farmersdelight:wild_tomatoes":1,"supplementaries:urn":4,"minecraft:spruce_stairs":1,"minecraft:white_carpet":4,"minecraft:birch_leaves":19,"minecraft:sunflower":1,"minecraft:gravel":3,"minecraft:stone_bricks":6},"minecraft:broken":{"minecraft:golden_helmet":1,"minecraft:golden_leggings":1,"minecraft:leather_chestplate":1,"minecraft:leather_boots":1},"minecraft:dropped":{"minecraft:diamond_axe":1,"minecraft:glass_bottle":1,"minecraft:crafting_table":2,"minecraft:iron_horse_armor":1,"minecraft:dirt":22,"minecraft:cut_sandstone":1,"gravestone:obituary":27,"minecraft:sand":1,"minecraft:iron_pickaxe":2,"vanillaplustools:iron_hammer":1,"minecraft:birch_log":1,"minecraft:bone":8,"minecraft:gravel":1,"mowziesmobs:umvuthana_mask_rage":1,"minecraft:rotten_flesh":2,"ecologics:prickly_pear":1,"selfexpression:hacker_helmet":1,"supplementaries:flax_seeds":4,"supplementaries:ash":4,"minecraft:deepslate_tiles":2,"ribbits:umbrella_leaf":1,"ecologics:coconut_husk":6,"minecraft:birch_door":1,"minecraft:netherrack":765,"farmersdelight:tomato_seeds":3,"minecraft:wheat_seeds":15,"minecraft:cobblestone":3,"minecraft:mangrove_propagule":1,"minecraft:feather":16,"minecraft:iron_helmet":1,"ecologics:crab_claw":1,"crittersandcompanions:dragonfly_wing":2,"supplementaries:awning_red":1,"minecraft:coal":4,"minecraft:golden_apple":1,"minecraft:stick":1,"minecraft:torch":14,"aquaculture:atlantic_herring":1,"minecraft:map":1,"ribbits:giant_lilypad":3,"minecraft:string":2,"minecraft:music_disc_cat":3,"minecraft:kelp":1,"minecraft:soul_soil":5,"minecraft:bowl":1,"minecraft:white_carpet":3,"minecraft:clay_ball":16,"minecraft:nether_bricks":5,"minecraft:acacia_leaves":4,"crittersandcompanions:silk":5,"minecraft:filled_map":4,"minecraft:spider_eye":1,"minecraft:bamboo":9,"explorerscompass:explorerscompass":1,"minecraft:sandstone":9,"minecraft:bow":1,"minecraft:magma_cream":1,"supplementaries:bunting_purple":1}},"DataVersion":3955}