{"stats":{"minecraft:used":{"minecraft:peony":3,"minecraft:beetroot":2,"minecraft:moss_block":2,"minecraft:cherry_sapling":4,"minecraft:spruce_slab":2,"farmersdelight:stove":1,"minecraft:chest":5,"minecraft:stone":1,"lootr:trophy":3,"minecraft:iron_chestplate":1,"minecraft:mutton":1,"minecraft:soul_sand":3,"minecraft:nether_bricks":7,"minecraft:carrot":101,"minecraft:deepslate_tile_slab":12,"ecologics:prickly_pear":1,"minecraft:tuff":38,"minecraft:snowball":72,"minecraft:azure_bluet":1,"minecraft:lava_bucket":4,"minecraft:lantern":2,"minecraft:birch_sapling":5,"supplementaries:goblet":6,"minecraft:stone_brick_stairs":90,"minecraft:stone_bricks":762,"mowziesmobs:geomancer_beads":1,"refurbished_furniture:crimson_storage_jar":1,"ironchest:obsidian_chest":1,"minecraft:golden_sword":5,"minecraft:oak_sapling":34,"minecraft:bow":4,"minecraft:dark_oak_boat":2,"minecraft:cooked_cod":7,"minecraft:furnace":10,"mutantmonsters:hulk_hammer":47,"minecraft:beetroot_seeds":6,"supplementaries:bamboo_spikes_tipped":1,"minecraft:potato":2,"refurbished_furniture:oak_table":4,"farmersdelight:hamburger":1,"minecraft:short_grass":1,"minecraft:birch_leaves":1,"minecraft:stone_pickaxe":397,"minecraft:oak_planks":393,"minecraft:cactus":2,"minecraft:leather_chestplate":1,"minecraft:clay":1,"minecraft:diamond_axe":2,"minecraft:oak_leaves":3,"minecraft:golden_apple":7,"minecraft:sand":13,"minecraft:blast_furnace":2,"minecraft:acacia_leaves":4,"minecraft:crossbow":1,"minecraft:black_bed":8,"minecraft:melon_slice":6,"minecraft:bread":104,"minecraft:string":1,"supplementaries:iron_gate":8,"minecraft:gravel":3,"minecraft:golden_helmet":1,"ecologics:coconut_slice":6,"minecraft:fire_charge":2,"minecraft:andesite":4,"minecraft:smooth_stone_slab":5,"minecraft:golden_pickaxe":19,"ironchest:crystal_chest":6,"ribbits:swamp_lantern":7,"minecraft:experience_bottle":4,"supplementaries:wind_vane":1,"refurbished_furniture:oak_bath":1,"minecraft:rose_bush":1,"selfexpression:hacker_helmet":2,"minecraft:iron_bars":1,"ecologics:crab_claw":15,"minecraft:white_tulip":1,"minecraft:flint_and_steel":21,"minecraft:tropical_fish":4,"vanillaplustools:stone_hammer":348,"refurbished_furniture:oak_mail_box":1,"minecraft:cooked_salmon":24,"minecraft:stripped_birch_wood":1,"minecraft:netherrack":117,"minecraft:stick":3,"minecraft:torch":138,"minecraft:dirt":305,"minecraft:white_carpet":5,"minecraft:spruce_stairs":1,"ecologics:seashell":3,"supplementaries:rope_arrow":1,"farmersdelight:rope":7,"farmersdelight:beef_patty":4,"minecraft:dark_oak_planks":33,"minecraft:stone_brick_slab":2,"ribbits:umbrella_leaf":1,"minecraft:iron_axe":434,"minecraft:oak_stairs":5,"refurbished_furniture:oak_desk":2,"minecraft:melon_seeds":1,"minecraft:bamboo":1,"minecraft:basalt":13,"minecraft:golden_carrot":13,"minecraft:soul_soil":6,"minecraft:goat_horn":125,"torchmaster:megatorch":2,"farmersdelight:cooking_pot":1,"supplementaries:statue":5,"farmersdelight:tomato_seeds":1,"minecraft:cooked_beef":3,"minecraft:cobbled_deepslate":135,"gravestone:gravestone":1,"minecraft:iron_leggings":1,"minecraft:cooked_mutton":2,"minecraft:water_bucket":123,"minecraft:pink_tulip":1,"minecraft:birch_planks":3,"minecraft:baked_potato":15,"minecraft:cauldron":1,"minecraft:stonecutter":2,"mowziesmobs:gong":2,"minecraft:spruce_fence_gate":1,"minecraft:leather_boots":2,"selfexpression:official_boots":2,"minecraft:tnt":10,"minecraft:oak_slab":81,"minecraft:crafting_table":9,"supplementaries:bomb":6,"minecraft:white_bed":6,"minecraft:cod":4,"minecraft:oak_log":80,"farmersdelight:apple_cider":1,"minecraft:apple":40,"minecraft:sunflower":1,"minecraft:iron_pickaxe":306,"selfexpression:apron_chestplate":3,"minecraft:suspicious_stew":1,"minecraft:stone_slab":7,"refurbished_furniture:light_electricity_generator":1,"supplementaries:rope":2,"mowziesmobs:sol_visage":2,"minecraft:golden_leggings":1,"minecraft:chiseled_stone_bricks":24,"minecraft:green_carpet":1,"minecraft:fishing_rod":1,"refurbished_furniture:workbench":2,"minecraft:cobblestone":212,"minecraft:potion":1,"minecraft:cooked_porkchop":4,"minecraft:bucket":129,"minecraft:candle":11,"refurbished_furniture:oak_chair":5},"minecraft:mined":{"minecraft:dark_oak_planks":4,"supplementaries:goblet":5,"minecraft:spruce_planks":4,"minecraft:white_bed":7,"farmersdelight:rich_soil":1,"refurbished_furniture:oak_bath":1,"ribbits:giant_lilypad":1,"minecraft:grass_block":60,"minecraft:jungle_log":2,"minecraft:soul_soil":6,"ecologics:prickly_pear":3,"ironchest:crystal_chest":6,"minecraft:tall_seagrass":3,"minecraft:iron_ore":33,"minecraft:fire":6,"minecraft:azure_bluet":3,"supplementaries:stick":3,"minecraft:iron_bars":1,"minecraft:oak_stairs":1,"minecraft:green_carpet":1,"minecraft:pink_tulip":1,"minecraft:spruce_slab":2,"farmersdelight:wild_potatoes":1,"minecraft:deepslate_redstone_ore":20,"minecraft:cut_sandstone":1,"minecraft:deepslate_tile_slab":2,"minecraft:clay":9,"minecraft:torch":16,"minecraft:blast_furnace":2,"minecraft:calcite":1,"minecraft:melon":1,"minecraft:dead_bush":12,"supplementaries:wild_flax":2,"minecraft:cobblestone":71,"minecraft:oak_planks":36,"minecraft:sugar_cane":2,"minecraft:wall_torch":11,"minecraft:cauldron":1,"lootr:trophy":2,"ecologics:seashell":3,"minecraft:birch_log":61,"minecraft:tnt":3,"minecraft:birch_door":1,"minecraft:black_bed":6,"minecraft:stone_brick_stairs":1,"minecraft:oak_log":221,"minecraft:beetroots":1,"minecraft:sand":23,"minecraft:dirt":119,"minecraft:stripped_birch_wood":1,"minecraft:stonecutter":3,"minecraft:netherrack":5,"minecraft:oak_leaves":92,"minecraft:deepslate":276,"minecraft:tuff":42,"minecraft:deepslate_diamond_ore":24,"minecraft:candle":1,"torchmaster:megatorch":1,"minecraft:gray_stained_glass_pane":3,"minecraft:nether_bricks":11,"gravestone:gravestone":12,"farmersdelight:tomatoes":1,"minecraft:kelp":1,"ribbits:umbrella_leaf":2,"minecraft:sandstone":12,"minecraft:moss_block":3,"minecraft:hay_block":8,"supplementaries:rope":1,"minecraft:furnace":5,"minecraft:carrots":17,"minecraft:chiseled_sandstone":1,"minecraft:suspicious_sand":1,"minecraft:andesite":190,"minecraft:stripped_spruce_log":1,"minecraft:peony":4,"farmersdelight:rope":5,"minecraft:deepslate_iron_ore":31,"crittersandcompanions:silk_cocoon":5,"minecraft:lantern":2,"minecraft:bamboo":1,"minecraft:stone":2591,"minecraft:oak_slab":8,"minecraft:acacia_leaves":4,"supplementaries:statue":4,"minecraft:soul_sand":1,"minecraft:stone_brick_slab":3,"ecologics:thin_ice":1,"minecraft:crafting_table":4,"minecraft:short_grass":94,"refurbished_furniture:crimson_storage_jar":1,"ribbits:swamp_lantern":5,"minecraft:rose_bush":1,"minecraft:sculk_sensor":5,"minecraft:stone_slab":1,"refurbished_furniture:oak_desk":2,"minecraft:copper_ore":12,"minecraft:tall_grass":24,"farmersdelight:wild_tomatoes":1,"minecraft:sculk":2,"minecraft:diorite":44,"refurbished_furniture:workbench":1,"supplementaries:urn":33,"minecraft:spruce_stairs":1,"minecraft:stripped_spruce_wood":1,"minecraft:white_carpet":5,"minecraft:birch_leaves":22,"minecraft:coal_ore":117,"minecraft:sunflower":1,"minecraft:gravel":37,"minecraft:stone_bricks":66,"supplementaries:wind_vane":1},"minecraft:crafted":{"minecraft:brick":20,"minecraft:oak_planks":560,"minecraft:smooth_stone":3,"minecraft:dark_oak_boat":1,"refurbished_furniture:oak_chair":5,"minecraft:stone":874,"minecraft:cooked_mutton":2,"minecraft:glass":3,"supplementaries:goblet":1,"vanillaplustools:iron_hammer":1,"minecraft:chest":4,"gravestone:gravestone":1,"minecraft:chiseled_stone_bricks":1,"minecraft:bricks":4,"refurbished_furniture:light_electricity_generator":1,"farmersdelight:stove":1,"minecraft:glass_bottle":3,"supplementaries:rope_arrow":2,"minecraft:oak_slab":102,"minecraft:wooden_shovel":1,"minecraft:crafting_table":6,"minecraft:spruce_planks":12,"minecraft:baked_potato":12,"refurbished_furniture:oak_drawer":1,"ecologics:cooked_prickly_pear":3,"minecraft:birch_planks":224,"minecraft:campfire":1,"farmersdelight:beef_patty":4,"minecraft:stone_brick_stairs":18,"minecraft:stick":116,"minecraft:stone_slab":6,"minecraft:iron_ingot":15,"minecraft:iron_pickaxe":10,"minecraft:smooth_stone_slab":6,"mowziesmobs:naga_fang_dagger":1,"vanillaplustools:stone_hammer":3,"minecraft:iron_nugget":18,"minecraft:furnace":5,"refurbished_furniture:oak_table":5,"supplementaries:statue":1,"refurbished_furniture:workbench":1,"minecraft:iron_axe":2,"minecraft:stone_pickaxe":31,"minecraft:redstone_block":2,"minecraft:dark_oak_planks":80,"minecraft:wheat":72,"minecraft:cooked_beef":3,"minecraft:sugar":6,"minecraft:cooked_cod":7,"minecraft:cooked_salmon":20,"farmersdelight:cooking_pot":1,"minecraft:air":0,"minecraft:jungle_planks":8,"refurbished_furniture:wrench":1,"supplementaries:iron_gate":8,"refurbished_furniture:oak_mail_box":1,"minecraft:torch":40,"minecraft:clay":2},"minecraft:dropped":{"minecraft:candle":1,"minecraft:diamond_axe":1,"minecraft:oak_log":1,"minecraft:glass_bottle":1,"minecraft:crafting_table":2,"minecraft:orange_tulip":1,"minecraft:iron_horse_armor":1,"minecraft:dirt":39,"minecraft:cut_sandstone":1,"gravestone:obituary":31,"minecraft:gold_nugget":32,"minecraft:sand":1,"minecraft:iron_pickaxe":2,"vanillaplustools:iron_hammer":1,"minecraft:birch_log":1,"minecraft:white_wool":2,"minecraft:bone":22,"minecraft:gravel":27,"mowziesmobs:umvuthana_mask_rage":1,"minecraft:iron_nugget":19,"minecraft:cobbled_deepslate":40,"minecraft:pointed_dripstone":10,"minecraft:rotten_flesh":7,"minecraft:oak_planks":36,"ecologics:prickly_pear":1,"minecraft:azure_bluet":3,"selfexpression:hacker_helmet":1,"minecraft:carrot":10,"supplementaries:flax_seeds":25,"supplementaries:ash":20,"minecraft:deepslate_tiles":2,"minecraft:gunpowder":1,"ribbits:umbrella_leaf":1,"minecraft:leather_boots":1,"ecologics:coconut_husk":6,"minecraft:birch_door":1,"minecraft:arrow":2,"minecraft:stone_brick_stairs":1,"minecraft:netherrack":766,"farmersdelight:tomato_seeds":3,"minecraft:wheat_seeds":27,"minecraft:dripstone_block":22,"minecraft:mangrove_propagule":1,"minecraft:iron_helmet":1,"minecraft:feather":16,"minecraft:cobblestone":339,"minecraft:granite":4,"ecologics:crab_claw":1,"crittersandcompanions:dragonfly_wing":2,"supplementaries:awning_red":1,"minecraft:coal":4,"minecraft:golden_apple":1,"minecraft:stick":1,"minecraft:diorite":31,"minecraft:torch":14,"aquaculture:atlantic_herring":1,"minecraft:map":1,"ribbits:giant_lilypad":3,"minecraft:string":4,"minecraft:music_disc_cat":3,"minecraft:stone_brick_slab":1,"minecraft:kelp":1,"minecraft:soul_soil":5,"minecraft:raw_copper":49,"minecraft:bowl":1,"minecraft:tuff":170,"minecraft:white_carpet":3,"minecraft:clay_ball":16,"minecraft:nether_bricks":5,"minecraft:spruce_fence":4,"minecraft:acacia_leaves":4,"crittersandcompanions:silk":5,"minecraft:filled_map":4,"minecraft:peony":4,"minecraft:andesite":161,"minecraft:oak_sapling":1,"minecraft:spider_eye":1,"minecraft:bamboo":9,"explorerscompass:explorerscompass":1,"minecraft:sandstone":9,"minecraft:bow":1,"minecraft:raw_gold":4,"minecraft:magma_cream":1,"supplementaries:bunting_purple":1},"minecraft:custom":{"lootr:looted_stat":107,"minecraft:animals_bred":9,"minecraft:interact_with_crafting_table":78,"minecraft:open_barrel":7,"minecraft:leave_game":17,"minecraft:time_since_death":69161,"minecraft:damage_resisted":2,"minecraft:sprint_one_cm":2464700,"minecraft:drop":324,"minecraft:talked_to_villager":11,"minecraft:play_time":877058,"minecraft:deaths":13,"minecraft:interact_with_brewingstand":1,"minecraft:jump":10550,"minecraft:walk_on_water_one_cm":76524,"minecraft:interact_with_furnace":212,"minecraft:sleep_in_bed":28,"minecraft:damage_dealt":7968,"minecraft:crouch_one_cm":111912,"waystones:waystone_activated":9,"minecraft:interact_with_smoker":13,"minecraft:use_cauldron":1,"minecraft:horse_one_cm":271163,"minecraft:mob_kills":37,"minecraft:fill_cauldron":1,"minecraft:damage_dealt_resisted":145,"minecraft:climb_one_cm":13602,"minecraft:walk_one_cm":1824804,"minecraft:damage_dealt_absorbed":150,"minecraft:sneak_time":37993,"minecraft:walk_under_water_one_cm":89131,"minecraft:boat_one_cm":176534,"minecraft:interact_with_blast_furnace":23,"minecraft:total_world_time":877058,"minecraft:interact_with_stonecutter":22,"minecraft:time_since_rest":461,"minecraft:damage_taken":14121,"minecraft:damage_absorbed":280,"minecraft:swim_one_cm":356655,"minecraft:fly_one_cm":3013177,"minecraft:open_chest":122,"minecraft:fall_one_cm":367433,"minecraft:fish_caught":1},"minecraft:picked_up":{"minecraft:iron_chestplate":1,"minecraft:birch_door":1,"minecraft:stone_slab":1,"minecraft:oak_stairs":1,"minecraft:stone_brick_stairs":1,"minecraft:polished_deepslate":3,"minecraft:music_disc_cat":2,"minecraft:string":5,"minecraft:soul_soil":11,"minecraft:raw_copper":55,"minecraft:beetroot":2,"minecraft:deepslate_tiles":2,"minecraft:gold_nugget":54,"minecraft:cobbled_deepslate":306,"minecraft:spruce_planks":2,"minecraft:white_tulip":1,"minecraft:rose_bush":1,"minecraft:iron_pickaxe":3,"minecraft:melon_slice":6,"ecologics:crab_claw":2,"minecraft:furnace":5,"minecraft:stick":100,"ironchest:crystal_chest":6,"explorerscompass:explorerscompass":2,"mowziesmobs:geomancer_belt":2,"mowziesmobs:sol_visage":1,"minecraft:torch":73,"supplementaries:bamboo_spikes_tipped":1,"minecraft:spruce_stairs":1,"minecraft:pointed_dripstone":10,"minecraft:diorite":31,"minecraft:cauldron":1,"mutantmonsters:hulk_hammer":1,"minecraft:cactus":2,"minecraft:rotten_flesh":7,"crittersandcompanions:dragonfly_wing":2,"supplementaries:antique_ink":5,"farmersdelight:rope":10,"supplementaries:ash":20,"minecraft:stripped_birch_wood":1,"minecraft:iron_bars":1,"minecraft:snowball":72,"minecraft:cobblestone":2727,"mowziesmobs:gong":2,"minecraft:birch_log":62,"minecraft:feather":11,"minecraft:magma_cream":1,"minecraft:water_bucket":1,"minecraft:andesite":211,"minecraft:jungle_log":2,"minecraft:black_bed":8,"minecraft:acacia_leaves":8,"minecraft:dark_oak_boat":1,"minecraft:potato":1,"minecraft:flint":2,"minecraft:tuff":208,"minecraft:stripped_spruce_wood":1,"supplementaries:flax_seeds":25,"minecraft:dirt":342,"supplementaries:bunting_purple":1,"minecraft:lantern":2,"lootr:trophy":2,"minecraft:leather_boots":1,"minecraft:bone":24,"supplementaries:goblet":6,"minecraft:stonecutter":3,"minecraft:bow":1,"minecraft:wheat_seeds":27,"minecraft:orange_tulip":1,"minecraft:raw_gold":4,"minecraft:bamboo":10,"minecraft:moss_block":2,"minecraft:oak_planks":118,"aquaculture:atlantic_herring":1,"refurbished_furniture:oak_bath":1,"ecologics:prickly_pear":5,"torchmaster:megatorch":2,"minecraft:sand":17,"minecraft:spruce_fence_gate":1,"minecraft:diamond":23,"minecraft:granite":4,"minecraft:golden_apple":11,"minecraft:emerald":10,"minecraft:oak_sapling":33,"minecraft:netherrack":1172,"minecraft:oak_leaves":3,"minecraft:crafting_table":5,"selfexpression:hacker_helmet":1,"minecraft:azure_bluet":4,"minecraft:clay_ball":44,"ecologics:seashell":3,"gravestone:obituary":19,"mowziesmobs:geomancer_beads":1,"supplementaries:statue":4,"minecraft:white_carpet":8,"minecraft:candle":2,"minecraft:beef":4,"supplementaries:rope":2,"minecraft:iron_nugget":19,"minecraft:spruce_slab":10,"selfexpression:official_boots":1,"minecraft:sugar_cane":6,"minecraft:chest":1,"minecraft:birch_sapling":5,"minecraft:raw_iron":66,"minecraft:sandstone":9,"minecraft:stone":110,"minecraft:polished_deepslate_slab":1,"ribbits:giant_lilypad":3,"ecologics:coconut_slice":6,"minecraft:spruce_fence":4,"sophisticatedbackpacks:backpack":1,"farmersdelight:tomato_seeds":2,"minecraft:carrot":62,"minecraft:redstone":82,"minecraft:dark_oak_planks":4,"mowziesmobs:umvuthana_mask_faith":2,"minecraft:tnt":5,"refurbished_furniture:crimson_storage_jar":1,"minecraft:arrow":6,"minecraft:beetroot_seeds":6,"ribbits:swamp_lantern":7,"minecraft:peony":7,"minecraft:nether_bricks":12,"minecraft:hay_block":8,"crittersandcompanions:silk":5,"selfexpression:official_chestplate":2,"minecraft:pink_tulip":1,"minecraft:saddle":1,"minecraft:gold_ingot":3,"minecraft:mutton":3,"minecraft:skeleton_skull":2,"minecraft:white_wool":2,"minecraft:birch_leaves":11,"minecraft:basalt":13,"refurbished_furniture:oak_desk":2,"minecraft:leather":1,"minecraft:cut_sandstone":1,"minecraft:filled_map":1,"minecraft:birch_planks":3,"minecraft:oak_log":221,"minecraft:gunpowder":1,"minecraft:deepslate_tile_slab":14,"minecraft:apple":6,"minecraft:stone_bricks":69,"mowziesmobs:umvuthana_mask_rage":8,"minecraft:kelp":1,"minecraft:iron_ingot":18,"mowziesmobs:umvuthana_mask_misery":6,"minecraft:soul_sand":3,"minecraft:oak_slab":9,"minecraft:stone_brick_slab":3,"minecraft:dripstone_block":22,"minecraft:gravel":35,"refurbished_furniture:workbench":1,"minecraft:blast_furnace":2,"minecraft:white_bed":6,"minecraft:spruce_log":2,"supplementaries:wind_vane":1,"minecraft:green_carpet":1,"minecraft:spider_eye":1,"mowziesmobs:naga_fang":1,"supplementaries:awning_red":1,"minecraft:short_grass":1,"minecraft:iron_helmet":1,"minecraft:diamond_axe":1,"minecraft:cherry_sapling":4,"ribbits:umbrella_leaf":2,"minecraft:melon_seeds":1,"minecraft:crimson_nylium":1,"minecraft:mangrove_propagule":1,"minecraft:coal":126,"minecraft:sunflower":1,"minecraft:ender_pearl":1},"minecraft:killed_by":{"minecraft:wither_skeleton":2,"minecraft:zombie":1,"minecraft:player":4,"mowziesmobs:ferrous_wroughtnaut":4},"minecraft:killed":{"minecraft:spider":4,"crittersandcompanions:leaf_insect":1,"minecraft:skeleton":5,"mowziesmobs:umvuthana_crane":1,"minecraft:creeper":1,"minecraft:sheep":1,"minecraft:zombie":8,"minecraft:cow":3,"minecraft:blaze":2,"crittersandcompanions:dragonfly":1,"mowziesmobs:ferrous_wroughtnaut":1,"mowziesmobs:umvuthana":2,"minecraft:wither_skeleton":3,"minecraft:enderman":1},"minecraft:broken":{"minecraft:golden_helmet":1,"minecraft:iron_chestplate":1,"minecraft:golden_leggings":1,"minecraft:stone_pickaxe":3,"minecraft:leather_chestplate":1,"vanillaplustools:stone_hammer":2,"minecraft:iron_axe":2,"minecraft:leather_boots":1,"minecraft:iron_pickaxe":1}},"DataVersion":3955}