{"stats":{"minecraft:used":{"minecraft:peony":3,"minecraft:beetroot":2,"minecraft:moss_block":2,"minecraft:cherry_sapling":4,"minecraft:spruce_slab":2,"farmersdelight:stove":1,"minecraft:chest":5,"minecraft:stone":1,"lootr:trophy":3,"minecraft:iron_chestplate":1,"minecraft:soul_sand":3,"minecraft:nether_bricks":7,"minecraft:carrot":62,"minecraft:deepslate_tile_slab":12,"ecologics:prickly_pear":1,"minecraft:snowball":57,"minecraft:azure_bluet":1,"minecraft:lava_bucket":4,"minecraft:lantern":1,"minecraft:birch_sapling":5,"supplementaries:goblet":6,"minecraft:stone_brick_stairs":90,"minecraft:stone_bricks":762,"refurbished_furniture:crimson_storage_jar":1,"minecraft:golden_sword":5,"mowziesmobs:geomancer_beads":1,"minecraft:bow":4,"minecraft:dark_oak_boat":2,"mutantmonsters:hulk_hammer":4,"minecraft:oak_sapling":34,"minecraft:furnace":6,"minecraft:cooked_cod":7,"minecraft:beetroot_seeds":6,"supplementaries:bamboo_spikes_tipped":1,"minecraft:potato":2,"farmersdelight:hamburger":1,"minecraft:short_grass":1,"minecraft:birch_leaves":1,"minecraft:stone_pickaxe":391,"minecraft:oak_planks":393,"minecraft:cactus":2,"minecraft:leather_chestplate":1,"minecraft:clay":1,"minecraft:diamond_axe":2,"minecraft:oak_leaves":3,"minecraft:golden_apple":6,"minecraft:sand":13,"minecraft:blast_furnace":1,"minecraft:acacia_leaves":4,"minecraft:crossbow":1,"minecraft:black_bed":8,"minecraft:melon_slice":6,"minecraft:bread":104,"minecraft:string":1,"supplementaries:iron_gate":8,"minecraft:gravel":3,"minecraft:golden_helmet":1,"ecologics:coconut_slice":6,"minecraft:fire_charge":2,"minecraft:andesite":4,"minecraft:smooth_stone_slab":5,"ribbits:swamp_lantern":7,"minecraft:golden_pickaxe":19,"minecraft:experience_bottle":4,"supplementaries:wind_vane":1,"refurbished_furniture:oak_bath":1,"minecraft:rose_bush":1,"selfexpression:hacker_helmet":2,"minecraft:iron_bars":1,"ecologics:crab_claw":15,"minecraft:white_tulip":1,"minecraft:flint_and_steel":15,"minecraft:tropical_fish":4,"vanillaplustools:stone_hammer":250,"minecraft:cooked_salmon":24,"minecraft:stripped_birch_wood":1,"minecraft:netherrack":117,"minecraft:stick":3,"minecraft:torch":61,"minecraft:dirt":303,"minecraft:white_carpet":5,"minecraft:spruce_stairs":1,"ecologics:seashell":3,"supplementaries:rope_arrow":1,"farmersdelight:rope":7,"minecraft:dark_oak_planks":33,"minecraft:stone_brick_slab":2,"ribbits:umbrella_leaf":1,"minecraft:iron_axe":434,"minecraft:oak_stairs":5,"refurbished_furniture:oak_desk":2,"minecraft:melon_seeds":1,"minecraft:bamboo":1,"minecraft:basalt":13,"minecraft:soul_soil":6,"minecraft:goat_horn":125,"farmersdelight:cooking_pot":1,"torchmaster:megatorch":2,"supplementaries:statue":5,"farmersdelight:tomato_seeds":1,"minecraft:cooked_beef":3,"minecraft:iron_leggings":1,"gravestone:gravestone":1,"minecraft:cooked_mutton":2,"minecraft:water_bucket":95,"minecraft:pink_tulip":1,"minecraft:birch_planks":3,"minecraft:baked_potato":15,"minecraft:cauldron":1,"minecraft:stonecutter":1,"mowziesmobs:gong":2,"minecraft:spruce_fence_gate":1,"minecraft:leather_boots":2,"selfexpression:official_boots":2,"minecraft:oak_slab":81,"minecraft:tnt":7,"minecraft:crafting_table":7,"supplementaries:bomb":6,"minecraft:white_bed":6,"minecraft:cod":4,"minecraft:oak_log":80,"farmersdelight:apple_cider":1,"minecraft:apple":40,"minecraft:sunflower":1,"selfexpression:apron_chestplate":3,"minecraft:iron_pickaxe":250,"minecraft:suspicious_stew":1,"minecraft:stone_slab":7,"supplementaries:rope":2,"mowziesmobs:sol_visage":2,"minecraft:golden_leggings":1,"minecraft:chiseled_stone_bricks":24,"minecraft:green_carpet":1,"minecraft:fishing_rod":1,"minecraft:cobblestone":211,"minecraft:potion":1,"minecraft:cooked_porkchop":4,"minecraft:bucket":101,"minecraft:candle":11},"minecraft:mined":{"minecraft:dark_oak_planks":4,"supplementaries:goblet":5,"minecraft:spruce_planks":4,"minecraft:white_bed":7,"farmersdelight:rich_soil":1,"refurbished_furniture:oak_bath":1,"ribbits:giant_lilypad":1,"minecraft:grass_block":60,"minecraft:jungle_log":2,"minecraft:soul_soil":6,"ecologics:prickly_pear":3,"ironchest:crystal_chest":3,"minecraft:tall_seagrass":3,"minecraft:iron_ore":12,"minecraft:fire":3,"minecraft:azure_bluet":3,"supplementaries:stick":3,"minecraft:oak_stairs":1,"minecraft:iron_bars":1,"minecraft:pink_tulip":1,"minecraft:green_carpet":1,"minecraft:spruce_slab":2,"farmersdelight:wild_potatoes":1,"minecraft:cut_sandstone":1,"minecraft:deepslate_tile_slab":2,"minecraft:clay":9,"minecraft:torch":7,"minecraft:calcite":1,"minecraft:melon":1,"minecraft:dead_bush":12,"supplementaries:wild_flax":2,"minecraft:cobblestone":71,"minecraft:sugar_cane":2,"minecraft:oak_planks":36,"minecraft:wall_torch":7,"minecraft:cauldron":1,"lootr:trophy":2,"ecologics:seashell":3,"minecraft:birch_log":61,"minecraft:tnt":3,"minecraft:birch_door":1,"minecraft:black_bed":6,"minecraft:stone_brick_stairs":1,"minecraft:oak_log":219,"minecraft:beetroots":1,"minecraft:sand":23,"minecraft:dirt":119,"minecraft:stripped_birch_wood":1,"minecraft:stonecutter":1,"minecraft:netherrack":5,"minecraft:oak_leaves":87,"minecraft:candle":1,"minecraft:gray_stained_glass_pane":1,"torchmaster:megatorch":1,"gravestone:gravestone":10,"minecraft:nether_bricks":11,"farmersdelight:tomatoes":1,"ribbits:umbrella_leaf":2,"minecraft:moss_block":3,"minecraft:kelp":1,"minecraft:sandstone":12,"minecraft:hay_block":8,"supplementaries:rope":1,"minecraft:furnace":1,"minecraft:carrots":17,"minecraft:chiseled_sandstone":1,"minecraft:suspicious_sand":1,"minecraft:andesite":120,"minecraft:stripped_spruce_log":1,"minecraft:peony":4,"farmersdelight:rope":5,"minecraft:lantern":2,"crittersandcompanions:silk_cocoon":5,"minecraft:bamboo":1,"minecraft:stone":2298,"minecraft:oak_slab":8,"minecraft:acacia_leaves":4,"supplementaries:statue":4,"minecraft:soul_sand":1,"minecraft:stone_brick_slab":2,"ecologics:thin_ice":1,"minecraft:crafting_table":3,"minecraft:short_grass":90,"ribbits:swamp_lantern":5,"refurbished_furniture:crimson_storage_jar":1,"minecraft:rose_bush":1,"minecraft:stone_slab":1,"refurbished_furniture:oak_desk":2,"minecraft:tall_grass":24,"minecraft:copper_ore":10,"farmersdelight:wild_tomatoes":1,"supplementaries:urn":4,"minecraft:spruce_stairs":1,"minecraft:stripped_spruce_wood":1,"minecraft:white_carpet":5,"minecraft:birch_leaves":22,"minecraft:coal_ore":78,"minecraft:sunflower":1,"minecraft:gravel":34,"minecraft:stone_bricks":66,"supplementaries:wind_vane":1},"minecraft:crafted":{"minecraft:brick":20,"minecraft:oak_planks":444,"minecraft:smooth_stone":3,"minecraft:dark_oak_boat":1,"minecraft:stone":874,"minecraft:cooked_mutton":2,"minecraft:glass":3,"supplementaries:goblet":1,"vanillaplustools:iron_hammer":1,"minecraft:chest":4,"gravestone:gravestone":1,"minecraft:chiseled_stone_bricks":1,"minecraft:bricks":4,"farmersdelight:stove":1,"minecraft:glass_bottle":3,"supplementaries:rope_arrow":2,"minecraft:oak_slab":102,"minecraft:wooden_shovel":1,"minecraft:crafting_table":5,"minecraft:spruce_planks":12,"minecraft:baked_potato":12,"ecologics:cooked_prickly_pear":3,"minecraft:birch_planks":224,"minecraft:campfire":1,"farmersdelight:beef_patty":4,"minecraft:stone_brick_stairs":18,"minecraft:stick":116,"minecraft:stone_slab":6,"minecraft:iron_ingot":4,"minecraft:iron_pickaxe":10,"minecraft:smooth_stone_slab":6,"vanillaplustools:stone_hammer":2,"minecraft:iron_nugget":18,"minecraft:furnace":5,"supplementaries:statue":1,"minecraft:iron_axe":2,"minecraft:stone_pickaxe":22,"minecraft:dark_oak_planks":80,"minecraft:wheat":72,"minecraft:cooked_beef":3,"minecraft:sugar":6,"minecraft:cooked_cod":7,"minecraft:cooked_salmon":20,"farmersdelight:cooking_pot":1,"minecraft:air":0,"minecraft:jungle_planks":8,"supplementaries:iron_gate":8,"minecraft:clay":2},"minecraft:dropped":{"minecraft:candle":1,"minecraft:diamond_axe":1,"minecraft:oak_log":1,"minecraft:glass_bottle":1,"minecraft:crafting_table":2,"minecraft:iron_horse_armor":1,"minecraft:dirt":39,"minecraft:cut_sandstone":1,"gravestone:obituary":29,"minecraft:sand":1,"minecraft:iron_pickaxe":2,"vanillaplustools:iron_hammer":1,"minecraft:birch_log":1,"minecraft:bone":8,"minecraft:gravel":27,"mowziesmobs:umvuthana_mask_rage":1,"minecraft:rotten_flesh":4,"minecraft:oak_planks":36,"ecologics:prickly_pear":1,"minecraft:azure_bluet":3,"selfexpression:hacker_helmet":1,"supplementaries:flax_seeds":4,"supplementaries:ash":4,"minecraft:deepslate_tiles":2,"ribbits:umbrella_leaf":1,"ecologics:coconut_husk":6,"minecraft:birch_door":1,"minecraft:stone_brick_stairs":1,"minecraft:netherrack":766,"farmersdelight:tomato_seeds":3,"minecraft:wheat_seeds":27,"minecraft:cobblestone":128,"minecraft:mangrove_propagule":1,"minecraft:iron_helmet":1,"minecraft:feather":16,"ecologics:crab_claw":1,"crittersandcompanions:dragonfly_wing":2,"supplementaries:awning_red":1,"minecraft:coal":4,"minecraft:golden_apple":1,"minecraft:stick":1,"minecraft:torch":14,"aquaculture:atlantic_herring":1,"minecraft:map":1,"ribbits:giant_lilypad":3,"minecraft:string":2,"minecraft:music_disc_cat":3,"minecraft:kelp":1,"minecraft:soul_soil":5,"minecraft:raw_copper":32,"minecraft:bowl":1,"minecraft:white_carpet":3,"minecraft:clay_ball":16,"minecraft:nether_bricks":5,"minecraft:spruce_fence":4,"minecraft:acacia_leaves":4,"crittersandcompanions:silk":5,"minecraft:filled_map":4,"minecraft:andesite":90,"minecraft:oak_sapling":1,"minecraft:spider_eye":1,"minecraft:bamboo":9,"explorerscompass:explorerscompass":1,"minecraft:sandstone":9,"minecraft:bow":1,"minecraft:magma_cream":1,"supplementaries:bunting_purple":1},"minecraft:custom":{"lootr:looted_stat":107,"minecraft:animals_bred":9,"minecraft:interact_with_crafting_table":63,"minecraft:open_barrel":7,"minecraft:leave_game":9,"minecraft:time_since_death":84,"minecraft:damage_resisted":2,"minecraft:sprint_one_cm":2113029,"minecraft:drop":250,"minecraft:talked_to_villager":11,"minecraft:play_time":760193,"minecraft:deaths":12,"minecraft:jump":8757,"minecraft:interact_with_brewingstand":1,"minecraft:walk_on_water_one_cm":63540,"minecraft:interact_with_furnace":198,"minecraft:sleep_in_bed":25,"minecraft:damage_dealt":5871,"minecraft:crouch_one_cm":76798,"waystones:waystone_activated":9,"minecraft:interact_with_smoker":13,"minecraft:use_cauldron":1,"minecraft:horse_one_cm":271163,"minecraft:mob_kills":24,"minecraft:fill_cauldron":1,"minecraft:damage_dealt_resisted":145,"minecraft:climb_one_cm":12835,"minecraft:walk_one_cm":1604801,"minecraft:damage_dealt_absorbed":24,"minecraft:sneak_time":29451,"minecraft:walk_under_water_one_cm":81653,"minecraft:boat_one_cm":176534,"minecraft:interact_with_blast_furnace":15,"minecraft:total_world_time":760193,"minecraft:interact_with_stonecutter":22,"minecraft:time_since_rest":108,"minecraft:damage_taken":11953,"minecraft:damage_absorbed":240,"minecraft:swim_one_cm":347944,"minecraft:fly_one_cm":2686433,"minecraft:open_chest":88,"minecraft:fish_caught":1,"minecraft:fall_one_cm":300610},"minecraft:picked_up":{"minecraft:birch_door":1,"minecraft:iron_chestplate":1,"minecraft:stone_slab":1,"minecraft:oak_stairs":1,"minecraft:stone_brick_stairs":1,"minecraft:polished_deepslate":3,"minecraft:music_disc_cat":2,"minecraft:string":3,"minecraft:soul_soil":11,"minecraft:raw_copper":32,"minecraft:beetroot":2,"minecraft:deepslate_tiles":2,"minecraft:gold_nugget":22,"minecraft:spruce_planks":2,"minecraft:white_tulip":1,"minecraft:rose_bush":1,"minecraft:iron_pickaxe":3,"minecraft:melon_slice":6,"ecologics:crab_claw":2,"minecraft:furnace":1,"minecraft:stick":99,"ironchest:crystal_chest":3,"explorerscompass:explorerscompass":2,"mowziesmobs:geomancer_belt":2,"mowziesmobs:sol_visage":1,"minecraft:torch":35,"minecraft:spruce_stairs":1,"supplementaries:bamboo_spikes_tipped":1,"minecraft:cauldron":1,"mutantmonsters:hulk_hammer":1,"minecraft:cactus":2,"minecraft:rotten_flesh":4,"crittersandcompanions:dragonfly_wing":2,"farmersdelight:rope":10,"supplementaries:ash":4,"minecraft:stripped_birch_wood":1,"minecraft:iron_bars":1,"minecraft:snowball":72,"minecraft:cobblestone":2459,"mowziesmobs:gong":2,"minecraft:birch_log":62,"minecraft:feather":11,"minecraft:magma_cream":1,"minecraft:water_bucket":1,"minecraft:andesite":140,"minecraft:jungle_log":2,"minecraft:black_bed":8,"minecraft:acacia_leaves":8,"minecraft:dark_oak_boat":1,"minecraft:potato":1,"minecraft:stripped_spruce_wood":1,"supplementaries:flax_seeds":4,"lootr:trophy":2,"minecraft:dirt":309,"supplementaries:bunting_purple":1,"minecraft:lantern":2,"minecraft:bone":10,"supplementaries:goblet":6,"minecraft:stonecutter":1,"minecraft:bow":1,"minecraft:wheat_seeds":27,"minecraft:bamboo":10,"minecraft:moss_block":2,"minecraft:oak_planks":74,"aquaculture:atlantic_herring":1,"refurbished_furniture:oak_bath":1,"ecologics:prickly_pear":5,"torchmaster:megatorch":2,"minecraft:sand":17,"minecraft:spruce_fence_gate":1,"minecraft:golden_apple":11,"minecraft:oak_sapling":33,"minecraft:netherrack":1172,"minecraft:oak_leaves":3,"minecraft:crafting_table":4,"selfexpression:hacker_helmet":1,"minecraft:azure_bluet":4,"minecraft:clay_ball":44,"ecologics:seashell":3,"gravestone:obituary":18,"mowziesmobs:geomancer_beads":1,"supplementaries:statue":4,"minecraft:white_carpet":8,"minecraft:candle":2,"minecraft:chest":1,"selfexpression:official_boots":1,"minecraft:spruce_slab":10,"supplementaries:rope":2,"minecraft:sugar_cane":6,"minecraft:birch_sapling":5,"minecraft:raw_iron":12,"minecraft:sandstone":9,"minecraft:stone":26,"minecraft:polished_deepslate_slab":1,"ribbits:giant_lilypad":3,"ecologics:coconut_slice":6,"minecraft:spruce_fence":4,"sophisticatedbackpacks:backpack":1,"farmersdelight:tomato_seeds":2,"minecraft:carrot":62,"minecraft:dark_oak_planks":4,"mowziesmobs:umvuthana_mask_faith":2,"minecraft:tnt":3,"refurbished_furniture:crimson_storage_jar":1,"minecraft:arrow":4,"minecraft:peony":3,"minecraft:beetroot_seeds":6,"ribbits:swamp_lantern":7,"minecraft:nether_bricks":12,"minecraft:pink_tulip":1,"minecraft:hay_block":8,"crittersandcompanions:silk":5,"selfexpression:official_chestplate":2,"minecraft:saddle":1,"minecraft:gold_ingot":3,"minecraft:mutton":2,"minecraft:birch_leaves":11,"minecraft:basalt":13,"refurbished_furniture:oak_desk":2,"minecraft:cut_sandstone":1,"minecraft:filled_map":1,"minecraft:birch_planks":3,"minecraft:oak_log":219,"minecraft:deepslate_tile_slab":14,"minecraft:stone_bricks":69,"minecraft:apple":6,"mowziesmobs:umvuthana_mask_rage":8,"minecraft:kelp":1,"minecraft:iron_ingot":18,"minecraft:soul_sand":3,"mowziesmobs:umvuthana_mask_misery":6,"minecraft:oak_slab":9,"minecraft:stone_brick_slab":2,"minecraft:gravel":35,"minecraft:white_bed":6,"minecraft:spruce_log":2,"supplementaries:wind_vane":1,"minecraft:green_carpet":1,"minecraft:spider_eye":1,"mowziesmobs:naga_fang":1,"supplementaries:awning_red":1,"minecraft:short_grass":1,"minecraft:iron_helmet":1,"minecraft:diamond_axe":1,"minecraft:cherry_sapling":4,"ribbits:umbrella_leaf":2,"minecraft:melon_seeds":1,"minecraft:crimson_nylium":1,"minecraft:mangrove_propagule":1,"minecraft:coal":83,"minecraft:sunflower":1},"minecraft:killed_by":{"minecraft:wither_skeleton":2,"minecraft:player":4,"mowziesmobs:ferrous_wroughtnaut":4},"minecraft:killed":{"minecraft:spider":3,"crittersandcompanions:leaf_insect":1,"minecraft:skeleton":2,"mowziesmobs:umvuthana_crane":1,"minecraft:creeper":1,"minecraft:sheep":1,"minecraft:zombie":3,"minecraft:blaze":2,"crittersandcompanions:dragonfly":1,"mowziesmobs:ferrous_wroughtnaut":1,"mowziesmobs:umvuthana":2,"minecraft:wither_skeleton":3,"minecraft:enderman":1},"minecraft:broken":{"minecraft:golden_helmet":1,"minecraft:golden_leggings":1,"minecraft:stone_pickaxe":2,"minecraft:leather_chestplate":1,"vanillaplustools:stone_hammer":1,"minecraft:iron_axe":2,"minecraft:leather_boots":1,"minecraft:iron_pickaxe":1}},"DataVersion":3955}